// main/pipboy_frames.c — generated; see pipboy_frames.h.
#include "pipboy_frames.h"

const LV_ATTRIBUTE_MEM_ALIGN LV_ATTRIBUTE_LARGE_CONST uint8_t pipboy_frame_0_map[] = {
    0x00, 0x00, 0x00, 0x00, 0x00, 0x00, 0x00, 0x00, 0x00, 0x00, 0x00, 0x00, 0x00, 0x00, 0x00, 0x00,
    0x00, 0x00, 0x00, 0x00, 0x00, 0x00, 0x00, 0x00, 0x00, 0x00, 0x00, 0x00, 0x00, 0x00, 0x00, 0x00,
    0x00, 0x00, 0x00, 0x00, 0x00, 0x00, 0x00, 0x00, 0x00, 0x00, 0x00, 0x00, 0x00, 0x00, 0x00, 0x00,
    0x00, 0x00, 0x00, 0x00, 0x00, 0x00, 0x00, 0x00, 0x00, 0x00, 0x00, 0x00, 0x00, 0x00, 0x00, 0x00,
    0x00, 0x00, 0x00, 0x00, 0x00, 0x00, 0x00, 0x00, 0x00, 0x00, 0x00, 0x00, 0x00, 0x00, 0x00, 0x00,
    0x00, 0x00, 0x00, 0x00, 0x00, 0x00, 0x00, 0x00, 0x00, 0x00, 0x00, 0x00, 0x00, 0x00, 0x00, 0x00,
    0x00, 0x00, 0x00, 0x00, 0x00, 0x00, 0x00, 0x00, 0x00, 0x00, 0x00, 0x00, 0x00, 0x00, 0x00, 0x00,
    0x00, 0x00, 0x00, 0x00, 0x00, 0x00, 0x00, 0x00, 0x00, 0x00, 0x00, 0x00, 0x00, 0x00, 0x00, 0x01,
    0x01, 0x01, 0x00, 0x00, 0x00, 0x00, 0x00, 0x00, 0x00, 0x00, 0x00, 0x00, 0x00, 0x00, 0x00, 0x00,
    0x00, 0x00, 0x00, 0x00, 0x00, 0x00, 0x00, 0x00, 0x00, 0x00, 0x00, 0x00, 0x00, 0x00, 0x00, 0x00,
    0x00, 0x00, 0x00, 0x00, 0x00, 0x00, 0x00, 0x00, 0x00, 0x00, 0x00, 0x00, 0x00, 0x00, 0x00, 0x00,
    0x01, 0x00, 0x01, 0x62, 0x64, 0x0a, 0x01, 0x01, 0x01, 0x00, 0x00, 0x00, 0x00, 0x00, 0x00, 0x00,
    0x00, 0x00, 0x00, 0x00, 0x00, 0x00, 0x00, 0x00, 0x00, 0x00, 0x00, 0x00, 0x00, 0x00, 0x00, 0x00,
    0x00, 0x00, 0x00, 0x00, 0x00, 0x00, 0x00, 0x00, 0x00, 0x00, 0x00, 0x00, 0x00, 0x00, 0x00, 0x00,
    0x00, 0x00, 0x01, 0x03, 0x18, 0x02, 0x56, 0xf7, 0xf6, 0xdc, 0x80, 0x6d, 0x19, 0x01, 0x00, 0x00,
    0x00, 0x00, 0x00, 0x00, 0x00, 0x00, 0x00, 0x00, 0x00, 0x00, 0x00, 0x00, 0x00, 0x00, 0x00, 0x00,
    0x00, 0x00, 0x00, 0x00, 0x00, 0x00, 0x00, 0x00, 0x00, 0x00, 0x00, 0x00, 0x00, 0x00, 0x00, 0x00,
    0x00, 0x00, 0x01, 0x03, 0x01, 0x01, 0x05, 0xa9, 0xf5, 0xd9, 0xef, 0xf3, 0xf2, 0xf2, 0xf4, 0xf6,
    0xd8, 0x37, 0x02, 0x00, 0x00, 0x00, 0x00, 0x00, 0x00, 0x00, 0x00, 0x00, 0x00, 0x00, 0x00, 0x00,
    0x00, 0x00, 0x00, 0x00, 0x00, 0x00, 0x00, 0x00, 0x00, 0x00, 0x00, 0x00, 0x00, 0x00, 0x00, 0x00,
    0x00, 0x00, 0x00, 0x00, 0x00, 0x01, 0x36, 0x94, 0x08, 0x1c, 0xb5, 0xf9, 0xf7, 0xf0, 0xf2, 0xf3,
    0xdf, 0xf6, 0xf3, 0xf2, 0xf0, 0xf2, 0x5a, 0x02, 0x00, 0x00, 0x00, 0x00, 0x00, 0x00, 0x00, 0x00,
    0x00, 0x00, 0x00, 0x00, 0x00, 0x00, 0x00, 0x00, 0x00, 0x00, 0x00, 0x00, 0x00, 0x00, 0x00, 0x00,
    0x00, 0x00, 0x00, 0x00, 0x00, 0x00, 0x00, 0x00, 0x00, 0x02, 0x5b, 0xfa, 0xe7, 0xef, 0xe3, 0x55,
    0x5f, 0xab, 0xb3, 0x55, 0x2b, 0x6c, 0xf8, 0xe7, 0xbb, 0xc5, 0xf3, 0x6d, 0x01, 0x00, 0x00, 0x00,
    0x00, 0x00, 0x00, 0x00, 0x00, 0x00, 0x00, 0x00, 0x00, 0x00, 0x00, 0x00, 0x00, 0x00, 0x00, 0x00,
    0x00, 0x00, 0x00, 0x00, 0x00, 0x00, 0x00, 0x00, 0x00, 0x00, 0x00, 0x00, 0x00, 0x02, 0x3e, 0xfa,
    0xf2, 0xf4, 0x53, 0xe2, 0xec, 0xbc, 0xd0, 0xf7, 0xf7, 0xa0, 0x6d, 0x8d, 0xb1, 0x77, 0x47, 0xfa,
    0x56, 0x01, 0x00, 0x00, 0x00, 0x00, 0x00, 0x00, 0x00, 0x00, 0x00, 0x00, 0x00, 0x00, 0x00, 0x00,
    0x00, 0x00, 0x00, 0x00, 0x00, 0x00, 0x00, 0x00, 0x00, 0x00, 0x00, 0x00, 0x00, 0x00, 0x00, 0x00,
    0x00, 0x01, 0x0f, 0x4e, 0x89, 0x43, 0xc6, 0xf2, 0xf3, 0xf2, 0xf2, 0xf3, 0xf2, 0xf3, 0xf8, 0xf5,
    0xf2, 0xf7, 0x25, 0xec, 0xbf, 0x02, 0x00, 0x00, 0x00, 0x00, 0x00, 0x00, 0x00, 0x00, 0x00, 0x00,
    0x00, 0x00, 0x00, 0x00, 0x00, 0x00, 0x00, 0x00, 0x00, 0x00, 0x00, 0x00, 0x00, 0x00, 0x00, 0x00,
    0x00, 0x00, 0x00, 0x00, 0x00, 0x02, 0x44, 0xa3, 0x58, 0xbc, 0x95, 0xf5, 0xf3, 0xf3, 0xf3, 0xf4,
    0xbb, 0xd4, 0xf4, 0xf3, 0xf3, 0xbe, 0x5c, 0xf5, 0xe9, 0x04, 0x01, 0x00, 0x00, 0x00, 0x00, 0x00,
    0x00, 0x00, 0x00, 0x00, 0x00, 0x00, 0x00, 0x00, 0x00, 0x00, 0x00, 0x00, 0x00, 0x00, 0x00, 0x00,
    0x00, 0x00, 0x00, 0x00, 0x00, 0x00, 0x00, 0x00, 0x00, 0x01, 0x0e, 0x30, 0xe0, 0x72, 0xa2, 0xf4,
    0xf3, 0xf3, 0xf3, 0xf3, 0xb9, 0x30, 0xe5, 0xf2, 0xf1, 0x82, 0x76, 0xed, 0xeb, 0x06, 0x01, 0x00,
    0x00, 0x00, 0x00, 0x00, 0x00, 0x00, 0x00, 0x00, 0x00, 0x00, 0x00, 0x00, 0x00, 0x00, 0x00, 0x00,
    0x00, 0x00, 0x00, 0x00, 0x00, 0x00, 0x00, 0x00, 0x00, 0x00, 0x00, 0x00, 0x00, 0x00, 0x02, 0x7a,
    0xf6, 0xc0, 0xee, 0xf3, 0xf3, 0xf1, 0xf3, 0xf4, 0xdc, 0xf3, 0xf2, 0xf3, 0xf4, 0xaa, 0x84, 0x61,
    0xcd, 0x02, 0x00, 0x00, 0x00, 0x00, 0x00, 0x00, 0x00, 0x00, 0x00, 0x00, 0x00, 0x00, 0x00, 0x00,
    0x00, 0x00, 0x00, 0x00, 0x00, 0x00, 0x00, 0x00, 0x00, 0x00, 0x00, 0x00, 0x00, 0x00, 0x00, 0x00,
    0x00, 0x00, 0x01, 0xdd, 0xf5, 0x28, 0xbc, 0xf2, 0x8c, 0xad, 0xf0, 0xe1, 0x08, 0xe7, 0xf2, 0xf3,
    0xf4, 0xcd, 0x7b, 0x81, 0x5c, 0x01, 0x00, 0x00, 0x00, 0x00, 0x00, 0x00, 0x00, 0x00, 0x00, 0x00,
    0x00, 0x00, 0x00, 0x00, 0x00, 0x00, 0x00, 0x00, 0x00, 0x00, 0x00, 0x00, 0x00, 0x00, 0x00, 0x00,
    0x00, 0x00, 0x00, 0x00, 0x00, 0x01, 0x09, 0xeb, 0xf5, 0x76, 0xdc, 0xd8, 0x3c, 0xf3, 0xf2, 0xdd,
    0x02, 0xde, 0xf2, 0xf3, 0xf5, 0x9e, 0x70, 0x76, 0x33, 0x01, 0x00, 0x00, 0x00, 0x00, 0x00, 0x00,
    0x00, 0x00, 0x00, 0x00, 0x00, 0x00, 0x00, 0x00, 0x00, 0x00, 0x00, 0x00, 0x00, 0x00, 0x00, 0x00,
    0x00, 0x00, 0x00, 0x00, 0x00, 0x00, 0x00, 0x00, 0x00, 0x01, 0x17, 0xf2, 0xf2, 0xf6, 0xf5, 0x50,
    0xd9, 0xf2, 0xf3, 0xf4, 0xdc, 0xf4, 0xf3, 0xf3, 0xf4, 0xac, 0xb4, 0xa0, 0x03, 0x00, 0x00, 0x00,
    0x00, 0x00, 0x00, 0x00, 0x00, 0x00, 0x00, 0x00, 0x00, 0x00, 0x00, 0x00, 0x00, 0x00, 0x00, 0x00,
    0x00, 0x00, 0x00, 0x00, 0x00, 0x00, 0x00, 0x00, 0x00, 0x00, 0x00, 0x00, 0x00, 0x02, 0x1c, 0xf4,
    0xf3, 0xf3, 0xf3, 0x3d, 0xe7, 0xf3, 0xf3, 0xf3, 0xf1, 0xf3, 0xf3, 0xf3, 0xf3, 0xf5, 0xf3, 0xe8,
    0x13, 0x01, 0x00, 0x00, 0x00, 0x00, 0x00, 0x00, 0x00, 0x00, 0x00, 0x00, 0x00, 0x00, 0x00, 0x00,
    0x00, 0x00, 0x00, 0x00, 0x00, 0x00, 0x00, 0x00, 0x00, 0x00, 0x00, 0x00, 0x00, 0x00, 0x00, 0x00,
    0x00, 0x00, 0x04, 0xe7, 0xf4, 0xf2, 0xf2, 0xcb, 0xd5, 0xf1, 0xf1, 0xf1, 0xe4, 0xf3, 0xf3, 0xf3,
    0xf3, 0xf3, 0xf3, 0xf7, 0x3f, 0x02, 0x00, 0x00, 0x00, 0x00, 0x00, 0x00, 0x00, 0x00, 0x00, 0x00,
    0x00, 0x00, 0x00, 0x00, 0x00, 0x00, 0x00, 0x00, 0x00, 0x00, 0x00, 0x00, 0x00, 0x00, 0x00, 0x00,
    0x00, 0x00, 0x00, 0x00, 0x00, 0x00, 0x02, 0xbf, 0xa7, 0x92, 0xd7, 0xe2, 0xe3, 0xd6, 0xb3, 0x90,
    0x3e, 0xd7, 0xf3, 0xf3, 0xf3, 0xf4, 0xf8, 0xf1, 0x19, 0x01, 0x00, 0x00, 0x00, 0x00, 0x00, 0x00,
    0x00, 0x00, 0x00, 0x00, 0x00, 0x00, 0x00, 0x00, 0x00, 0x00, 0x00, 0x00, 0x00, 0x00, 0x00, 0x00,
    0x00, 0x00, 0x00, 0x00, 0x00, 0x00, 0x00, 0x00, 0x00, 0x00, 0x01, 0x65, 0x61, 0x74, 0xa5, 0xae,
    0xb0, 0xbc, 0xdb, 0xb6, 0x4f, 0x8a, 0xf3, 0xf3, 0xf2, 0xd3, 0x56, 0x2d, 0x01, 0x00, 0x00, 0x00,
    0x00, 0x00, 0x00, 0x00, 0x00, 0x00, 0x00, 0x00, 0x00, 0x00, 0x00, 0x00, 0x00, 0x00, 0x00, 0x00,
    0x00, 0x00, 0x00, 0x00, 0x00, 0x00, 0x00, 0x00, 0x00, 0x00, 0x00, 0x00, 0x00, 0x00, 0x00, 0x07,
    0xd1, 0xe9, 0xa7, 0x83, 0x7a, 0x77, 0x67, 0xa7, 0xf2, 0xed, 0xf3, 0xf3, 0xf6, 0x45, 0x03, 0x02,
    0x00, 0x00, 0x00, 0x00, 0x00, 0x00, 0x00, 0x00, 0x00, 0x00, 0x00, 0x00, 0x00, 0x00, 0x00, 0x00,
    0x00, 0x00, 0x00, 0x00, 0x00, 0x00, 0x00, 0x00, 0x00, 0x00, 0x00, 0x00, 0x00, 0x00, 0x00, 0x00,
    0x00, 0x00, 0x00, 0x01, 0x34, 0xf1, 0xf1, 0xf8, 0xf8, 0xf8, 0xf8, 0xf3, 0xf3, 0xf3, 0xf2, 0xf6,
    0x76, 0x01, 0x00, 0x00, 0x00, 0x00, 0x00, 0x00, 0x00, 0x00, 0x00, 0x00, 0x00, 0x00, 0x00, 0x00,
    0x00, 0x00, 0x00, 0x00, 0x00, 0x00, 0x00, 0x00, 0x00, 0x00, 0x00, 0x00, 0x00, 0x00, 0x00, 0x00,
    0x00, 0x00, 0x00, 0x00, 0x00, 0x00, 0x00, 0x00, 0x01, 0x45, 0xe4, 0xf5, 0xf2, 0xf3, 0xf3, 0xf3,
    0xf3, 0xf3, 0xec, 0x8e, 0x49, 0x52, 0x02, 0x00, 0x00, 0x00, 0x00, 0x00, 0x00, 0x00, 0x00, 0x00,
    0x00, 0x00, 0x00, 0x00, 0x00, 0x00, 0x00, 0x00, 0x00, 0x00, 0x00, 0x00, 0x00, 0x00, 0x00, 0x00,
    0x00, 0x00, 0x00, 0x00, 0x00, 0x00, 0x00, 0x00, 0x00, 0x00, 0x00, 0x00, 0x00, 0x01, 0x14, 0x79,
    0xd1, 0xf7, 0xf6, 0xf4, 0xf3, 0xf4, 0xd9, 0xbf, 0x75, 0xf2, 0x4b, 0x02, 0x00, 0x00, 0x00, 0x00,
    0x00, 0x00, 0x00, 0x00, 0x00, 0x00, 0x00, 0x00, 0x00, 0x00, 0x00, 0x00, 0x00, 0x00, 0x00, 0x00,
    0x00, 0x00, 0x00, 0x00, 0x00, 0x00, 0x00, 0x00, 0x00, 0x00, 0x00, 0x00, 0x00, 0x00, 0x00, 0x00,
    0x00, 0x00, 0x0d, 0x93, 0x5e, 0x37, 0x83, 0xa5, 0xf5, 0xf5, 0xa7, 0x57, 0xf1, 0xf1, 0x9f, 0x0c,
    0x01, 0x00, 0x00, 0x00, 0x00, 0x00, 0x00, 0x00, 0x00, 0x00, 0x00, 0x00, 0x00, 0x00, 0x00, 0x00,
    0x00, 0x00, 0x00, 0x00, 0x00, 0x00, 0x00, 0x00, 0x00, 0x00, 0x00, 0x00, 0x00, 0x00, 0x00, 0x00,
    0x00, 0x00, 0x00, 0x00, 0x01, 0x01, 0xbd, 0xf3, 0xf5, 0xbb, 0x59, 0x52, 0x5e, 0x3e, 0x8f, 0xf4,
    0xf2, 0xee, 0x2e, 0xd2, 0x35, 0x01, 0x00, 0x00, 0x00, 0x00, 0x00, 0x00, 0x00, 0x00, 0x00, 0x00,
    0x00, 0x00, 0x00, 0x00, 0x00, 0x00, 0x00, 0x00, 0x00, 0x00, 0x00, 0x00, 0x00, 0x00, 0x00, 0x00,
    0x00, 0x00, 0x00, 0x00, 0x00, 0x00, 0x00, 0x01, 0x11, 0x73, 0x7e, 0xf7, 0xf2, 0xf2, 0xf7, 0xf1,
    0xe9, 0xf5, 0xf4, 0xf2, 0xf5, 0x5f, 0x82, 0xf3, 0xeb, 0x39, 0x02, 0x00, 0x00, 0x00, 0x00, 0x00,
    0x00, 0x00, 0x00, 0x00, 0x00, 0x00, 0x00, 0x00, 0x00, 0x00, 0x00, 0x00, 0x00, 0x00, 0x00, 0x00,
    0x00, 0x00, 0x00, 0x00, 0x00, 0x00, 0x00, 0x00, 0x00, 0x00, 0x01, 0x05, 0xb3, 0xf5, 0x97, 0x52,
    0xe3, 0xf3, 0xf3, 0xf3, 0xf2, 0xf3, 0xf7, 0xec, 0x57, 0x68, 0xf4, 0xf3, 0xf2, 0xed, 0x3d, 0x01,
    0x00, 0x00, 0x00, 0x00, 0x00, 0x00, 0x00, 0x00, 0x00, 0x00, 0x00, 0x00, 0x00, 0x00, 0x00, 0x00,
    0x00, 0x00, 0x00, 0x00, 0x00, 0x00, 0x00, 0x00, 0x00, 0x00, 0x00, 0x00, 0x00, 0x00, 0x02, 0x85,
    0xf4, 0xf3, 0xf3, 0xa4, 0x96, 0xf3, 0xf3, 0xf3, 0xd9, 0x89, 0x62, 0x37, 0x94, 0xf5, 0xf3, 0xf3,
    0xf3, 0xf2, 0xed, 0x35, 0x01, 0x00, 0x00, 0x00, 0x00, 0x00, 0x00, 0x00, 0x00, 0x00, 0x00, 0x00,
    0x00, 0x00, 0x00, 0x00, 0x00, 0x00, 0x00, 0x00, 0x00, 0x00, 0x00, 0x00, 0x00, 0x00, 0x00, 0x00,
    0x00, 0x01, 0x52, 0xf5, 0xf3, 0xf3, 0xf2, 0x8f, 0xb4, 0xf1, 0xf3, 0xf4, 0x7c, 0x8a, 0xd4, 0xf6,
    0xf4, 0xf3, 0xf3, 0xf3, 0xf3, 0xf3, 0xf2, 0xe6, 0x24, 0x01, 0x00, 0x00, 0x00, 0x00, 0x00, 0x00,
    0x00, 0x00, 0x00, 0x00, 0x00, 0x00, 0x00, 0x00, 0x00, 0x00, 0x00, 0x00, 0x00, 0x00, 0x00, 0x00,
    0x00, 0x00, 0x00, 0x00, 0x01, 0x1f, 0xe9, 0xf2, 0xf3, 0xf3, 0xf4, 0x7f, 0xc5, 0xf1, 0xf3, 0xf8,
    0x5b, 0xed, 0xf1, 0xf3, 0xf3, 0xf3, 0xf3, 0xf3, 0xf3, 0xf3, 0xf3, 0xf2, 0xd2, 0x0e, 0x01, 0x00,
    0x00, 0x00, 0x00, 0x00, 0x00, 0x00, 0x00, 0x00, 0x00, 0x00, 0x00, 0x00, 0x00, 0x00, 0x00, 0x00,
    0x00, 0x00, 0x00, 0x00, 0x00, 0x00, 0x00, 0x00, 0x04, 0xbc, 0xf2, 0xf3, 0xf2, 0xf3, 0xf6, 0x6d,
    0xdd, 0xf2, 0xf3, 0xf8, 0x65, 0xf7, 0xf3, 0xf3, 0xf3, 0xf3, 0xf3, 0xf3, 0xf3, 0xf3, 0xf3, 0xf3,
    0xf3, 0x9c, 0x02, 0x00, 0x00, 0x00, 0x00, 0x00, 0x00, 0x00, 0x00, 0x00, 0x00, 0x00, 0x00, 0x00,
    0x00, 0x00, 0x00, 0x00, 0x00, 0x00, 0x00, 0x00, 0x00, 0x00, 0x00, 0x02, 0x5d, 0xf6, 0xf1, 0xbf,
    0xd2, 0xf2, 0xf8, 0x62, 0xe4, 0xf2, 0xf3, 0xf8, 0x62, 0xf7, 0xf3, 0xf3, 0xf3, 0xf3, 0xf3, 0xf3,
    0xf3, 0xf3, 0xf3, 0xf3, 0xf3, 0xf6, 0x45, 0x02, 0x00, 0x00, 0x00, 0x00, 0x00, 0x00, 0x00, 0x00,
    0x00, 0x00, 0x00, 0x00, 0x00, 0x00, 0x00, 0x00, 0x00, 0x00, 0x00, 0x00, 0x00, 0x00, 0x01, 0x08,
    0xd9, 0xf2, 0xf3, 0x96, 0xc2, 0xf2, 0xf8, 0x62, 0xe9, 0xf2, 0xf3, 0xf8, 0x58, 0xf7, 0xf3, 0xf3,
    0xf3, 0xf5, 0xf3, 0xf3, 0xf3, 0xf3, 0xf3, 0xf3, 0xf3, 0xf2, 0xd0, 0x05, 0x00, 0x00, 0x00, 0x00,
    0x00, 0x00, 0x00, 0x00, 0x00, 0x00, 0x00, 0x00, 0x00, 0x00, 0x00, 0x00, 0x00, 0x00, 0x00, 0x00,
    0x00, 0x00, 0x02, 0x6a, 0xf5, 0xf3, 0xf1, 0xa8, 0xa6, 0xf2, 0xf8, 0x62, 0xeb, 0xf3, 0xf3, 0xf8,
    0x57, 0xf7, 0xf3, 0xf3, 0xf4, 0xd3, 0xe3, 0xf2, 0xf3, 0xf3, 0xf3, 0xf3, 0xf3, 0xf3, 0xf6, 0x5c,
    0x02, 0x00, 0x00, 0x00, 0x00, 0x00, 0x00, 0x00, 0x00, 0x00, 0x00, 0x00, 0x00, 0x00, 0x00, 0x00,
    0x00, 0x00, 0x00, 0x00, 0x00, 0x01, 0x0c, 0xe0, 0xf2, 0xf3, 0xf2, 0xca, 0x95, 0xf2, 0xf8, 0x62,
    0xea, 0xf2, 0xf3, 0xf8, 0x5c, 0xf7, 0xf3, 0xf3, 0xf3, 0xf6, 0x95, 0xe3, 0xf2, 0xf3, 0xf3, 0xf3,
    0xf3, 0xf3, 0xf2, 0xd7, 0x07, 0x00, 0x00, 0x00, 0x00, 0x00, 0x00, 0x00, 0x00, 0x00, 0x00, 0x00,
    0x00, 0x00, 0x00, 0x00, 0x00, 0x00, 0x00, 0x00, 0x00, 0x02, 0x76, 0xf5, 0xf3, 0xf3, 0xf3, 0xed,
    0x6c, 0xf7, 0xf8, 0x62, 0xe5, 0xf2, 0xf3, 0xf8, 0x62, 0xf8, 0xf3, 0xf3, 0xf3, 0xf3, 0xf2, 0x6c,
    0xef, 0xf2, 0xf3, 0xf3, 0xf3, 0xf3, 0xf3, 0xf6, 0x5b, 0x02, 0x00, 0x00, 0x00, 0x00, 0x00, 0x00,
    0x00, 0x00, 0x00, 0x00, 0x00, 0x00, 0x00, 0x00, 0x00, 0x00, 0x00, 0x00, 0x01, 0x15, 0xe9, 0xf2,
    0xf3, 0xf3, 0xf2, 0xe3, 0x3e, 0xf7, 0xf6, 0x70, 0xdc, 0xf2, 0xf3, 0xf8, 0x59, 0xf2, 0xf3, 0xf3,
    0xf3, 0xf3, 0xf2, 0xde, 0x5f, 0xf6, 0xf3, 0xf3, 0xf3, 0xf3, 0xf3, 0xf2, 0xce, 0x02, 0x00, 0x00,
    0x00, 0x00, 0x00, 0x00, 0x00, 0x00, 0x00, 0x00, 0x00, 0x00, 0x00, 0x00, 0x00, 0x00, 0x00, 0x00,
    0x01, 0x45, 0xf7, 0xf3, 0xf3, 0xf2, 0xec, 0x2f, 0x07, 0xe6, 0xf3, 0x86, 0xcb, 0xf1, 0xf3, 0xf5,
    0x73, 0xd7, 0xf2, 0xf3, 0xf3, 0xf3, 0xf3, 0xf2, 0xba, 0x78, 0xf4, 0xf3, 0xf3, 0xf3, 0xf3, 0xf3,
    0xf7, 0x39, 0x01, 0x00, 0x00, 0x00, 0x00, 0x00, 0x00, 0x00, 0x00, 0x00, 0x00, 0x00, 0x00, 0x00,
    0x00, 0x00, 0x00, 0x01, 0x59, 0xc1, 0x8b, 0xf4, 0xf2, 0xf5, 0x53, 0x02, 0x02, 0xbf, 0xef, 0x8c,
    0xb8, 0xf1, 0xf3, 0xf2, 0x97, 0xa9, 0xf2, 0xf3, 0xf3, 0xf3, 0xf2, 0xf7, 0xa9, 0x23, 0x9c, 0xf3,
    0xf3, 0xf3, 0xf3, 0xf3, 0xf4, 0x8c, 0x01, 0x00, 0x00, 0x00, 0x00, 0x00, 0x00, 0x00, 0x00, 0x00,
    0x00, 0x00, 0x00, 0x00, 0x00, 0x00, 0x00, 0x03, 0xd4, 0xf3, 0xa8, 0x7f, 0xea, 0x94, 0x02, 0x00,
    0x01, 0x3e, 0xb6, 0x79, 0xa8, 0xf2, 0xf3, 0xf2, 0xd9, 0x71, 0xf4, 0xf2, 0xf6, 0xf3, 0xab, 0x40,
    0x6a, 0xee, 0x35, 0xc7, 0xf2, 0xf3, 0xf3, 0xf3, 0xf2, 0xd5, 0x03, 0x00, 0x00, 0x00, 0x00, 0x00,
    0x00, 0x00, 0x00, 0x00, 0x00, 0x00, 0x00, 0x00, 0x00, 0x00, 0x00, 0x1f, 0xf7, 0xf3, 0xf3, 0xb7,
    0x55, 0x1b, 0x01, 0x00, 0x01, 0x75, 0x81, 0x74, 0xe3, 0xf3, 0xf3, 0xf3, 0xf7, 0x53, 0xc4, 0xa5,
    0x61, 0x40, 0x8c, 0xe7, 0xf5, 0xf8, 0x23, 0x1e, 0xe3, 0xf2, 0xf3, 0xf3, 0xf3, 0xf6, 0x26, 0x02,
    0x00, 0x00, 0x00, 0x00, 0x00, 0x00, 0x00, 0x00, 0x00, 0x00, 0x00, 0x00, 0x00, 0x00, 0x00, 0x48,
    0x8b, 0xf6, 0xf1, 0x8c, 0xc0, 0x4b, 0x02, 0x00, 0x01, 0x65, 0xf7, 0xf4, 0xf3, 0xf3, 0xf3, 0xf3,
    0xf3, 0xcd, 0x6a, 0xa1, 0xe0, 0xf8, 0xf3, 0xf1, 0xea, 0x61, 0x23, 0x03, 0x46, 0xf5, 0xf3, 0xf3,
    0xf3, 0xf6, 0x63, 0x01, 0x00, 0x00, 0x00, 0x00, 0x00, 0x00, 0x00, 0x00, 0x00, 0x00, 0x00, 0x00,
    0x00, 0x00, 0x00, 0x53, 0x76, 0xf6, 0x96, 0x6e, 0xd1, 0x13, 0x01, 0x00, 0x00, 0x13, 0x65, 0xd4,
    0xf8, 0xf2, 0xf2, 0xf3, 0xf3, 0xf3, 0xf6, 0xf2, 0xf1, 0xf2, 0xf8, 0xb5, 0x50, 0xce, 0x40, 0x02,
    0x02, 0x92, 0xf3, 0xf3, 0xf3, 0xf6, 0x46, 0x05, 0x00, 0x00, 0x00, 0x00, 0x00, 0x00, 0x00, 0x00,
    0x00, 0x00, 0x00, 0x00, 0x00, 0x00, 0x00, 0x33, 0x9a, 0xc7, 0xe9, 0x76, 0xa0, 0x02, 0x00, 0x00,
    0x01, 0x13, 0xd9, 0x6e, 0x54, 0xa4, 0xe5, 0xf8, 0xf8, 0xf8, 0xf8, 0xf8, 0xee, 0xa3, 0x5a, 0x9e,
    0xf5, 0xf5, 0x1c, 0x01, 0x01, 0x17, 0xf1, 0xf8, 0xf4, 0x7b, 0x97, 0x44, 0x00, 0x00, 0x00, 0x00,
    0x00, 0x00, 0x00, 0x00, 0x00, 0x00, 0x00, 0x00, 0x00, 0x00, 0x00, 0x03, 0xcf, 0x61, 0xfc, 0x66,
    0xee, 0x52, 0x02, 0x00, 0x00, 0x02, 0xc5, 0xf4, 0xf1, 0xb4, 0x78, 0x56, 0x55, 0x64, 0x64, 0x60,
    0x70, 0xac, 0xf3, 0xf3, 0xf2, 0xec, 0x0b, 0x01, 0x00, 0x01, 0x47, 0x5c, 0x59, 0xae, 0xf5, 0x90,
    0x00, 0x00, 0x00, 0x00, 0x00, 0x00, 0x00, 0x00, 0x00, 0x00, 0x00, 0x00, 0x00, 0x00, 0x00, 0x01,
    0x60, 0xc5, 0x6e, 0x60, 0x97, 0xa5, 0x01, 0x01, 0x00, 0x01, 0x79, 0xf5, 0xf3, 0xf4, 0xab, 0xf6,
    0xf7, 0xf8, 0xf8, 0xf7, 0xf7, 0xf2, 0xf3, 0xf3, 0xf2, 0xd4, 0x01, 0x00, 0x01, 0x1c, 0xe9, 0xf2,
    0xf7, 0xf3, 0xd1, 0xc3, 0x00, 0x00, 0x00, 0x00, 0x00, 0x00, 0x00, 0x00, 0x00, 0x00, 0x00, 0x00,
    0x00, 0x00, 0x00, 0x00, 0x03, 0xa0, 0xec, 0xa2, 0xef, 0x1c, 0x01, 0x00, 0x00, 0x02, 0x25, 0xf4,
    0xf3, 0xf8, 0x62, 0xeb, 0xf3, 0xf3, 0xf3, 0xf3, 0xf3, 0xf3, 0xf3, 0xf3, 0xf2, 0xa6, 0x02, 0x00,
    0x01, 0xa0, 0xef, 0xdb, 0xf5, 0xcb, 0xa0, 0xba, 0x00, 0x00, 0x00, 0x00, 0x00, 0x00, 0x00, 0x00,
    0x00, 0x00, 0x00, 0x00, 0x00, 0x00, 0x00, 0x00, 0x01, 0x03, 0x75, 0x96, 0x1c, 0x04, 0x00, 0x00,
    0x00, 0x00, 0x02, 0xaf, 0xf2, 0xf8, 0x60, 0xec, 0xf3, 0xf3, 0xf3, 0xf3, 0xf3, 0xf3, 0xf3, 0xf3,
    0xf6, 0x70, 0x01, 0x02, 0x85, 0xde, 0x38, 0x90, 0xf7, 0x85, 0xa9, 0x7a, 0x00, 0x00, 0x00, 0x00,
    0x00, 0x00, 0x00, 0x00, 0x00, 0x00, 0x00, 0x00, 0x00, 0x00, 0x00, 0x00, 0x00, 0x00, 0x01, 0x02,
    0x01, 0x00, 0x00, 0x00, 0x00, 0x00, 0x01, 0x28, 0xf0, 0xf7, 0x59, 0xed, 0xf3, 0xf3, 0xf3, 0xf3,
    0xf3, 0xf3, 0xf3, 0xf3, 0xf7, 0x3f, 0x02, 0x00, 0x2c, 0x0a, 0x02, 0x9a, 0xf7, 0x82, 0x9a, 0x19,
    0x00, 0x00, 0x00, 0x00, 0x00, 0x00, 0x00, 0x00, 0x00, 0x00, 0x00, 0x00, 0x00, 0x00, 0x00, 0x00,
    0x00, 0x00, 0x00, 0x00, 0x00, 0x00, 0x00, 0x00, 0x00, 0x00, 0x00, 0x02, 0x67, 0xfb, 0x52, 0xf3,
    0xf3, 0xf3, 0xf3, 0xf3, 0xf3, 0xf3, 0xf3, 0xf3, 0xf1, 0x13, 0x01, 0x00, 0x02, 0x01, 0x01, 0x90,
    0xeb, 0x68, 0x26, 0x01, 0x00, 0x00, 0x00, 0x00, 0x00, 0x00, 0x00, 0x00, 0x00, 0x00, 0x00, 0x00,
    0x00, 0x00, 0x00, 0x00, 0x00, 0x00, 0x00, 0x00, 0x00, 0x00, 0x00, 0x00, 0x00, 0x00, 0x00, 0x00,
    0x02, 0x81, 0x4b, 0xf7, 0xf3, 0xf3, 0xf3, 0xf3, 0xf3, 0xf3, 0xf3, 0xf2, 0xd1, 0x01, 0x00, 0x00,
    0x00, 0x00, 0x01, 0x79, 0xbd, 0x02, 0x00, 0x00, 0x00, 0x00, 0x00, 0x00, 0x00, 0x00, 0x00, 0x00,
    0x00, 0x00, 0x00, 0x00, 0x00, 0x00, 0x00, 0x00, 0x00, 0x00, 0x00, 0x00, 0x00, 0x00, 0x00, 0x00,
    0x00, 0x00, 0x00, 0x00, 0x00, 0x02, 0x4f, 0xf8, 0xf3, 0xf3, 0xf3, 0xf3, 0xf3, 0xf3, 0xf3, 0xf3,
    0x9b, 0x01, 0x00, 0x00, 0x00, 0x00, 0x01, 0x53, 0x6e, 0x01, 0x00, 0x00, 0x00, 0x00, 0x00, 0x00,
    0x00, 0x00, 0x00, 0x00, 0x00, 0x00, 0x00, 0x00, 0x00, 0x00, 0x00, 0x00, 0x00, 0x00, 0x00, 0x00,
    0x00, 0x00, 0x00, 0x00, 0x00, 0x00, 0x00, 0x00, 0x00, 0x01, 0x69, 0xf7, 0xf3, 0xf3, 0xf3, 0xf3,
    0xf3, 0xf3, 0xf3, 0xf7, 0x62, 0x01, 0x00, 0x00, 0x00, 0x00, 0x00, 0x03, 0x03, 0x00, 0x00, 0x00,
    0x00, 0x00, 0x00, 0x00, 0x00, 0x00, 0x00, 0x00, 0x00, 0x00, 0x00, 0x00, 0x00, 0x00, 0x00, 0x00,
    0x00, 0x00, 0x00, 0x00, 0x00, 0x00, 0x00, 0x00, 0x00, 0x00, 0x00, 0x00, 0x00, 0x01, 0x90, 0xf3,
    0xf3, 0xf3, 0xf3, 0xf3, 0xf3, 0xf3, 0xf3, 0xf8, 0x4a, 0x31, 0x01, 0x00, 0x00, 0x00, 0x00, 0x00,
    0x00, 0x00, 0x00, 0x00, 0x00, 0x00, 0x00, 0x00, 0x00, 0x00, 0x00, 0x00, 0x00, 0x00, 0x00, 0x00,
    0x00, 0x00, 0x00, 0x00, 0x00, 0x00, 0x00, 0x00, 0x00, 0x00, 0x00, 0x00, 0x00, 0x00, 0x00, 0x00,
    0x00, 0x02, 0xb2, 0xf2, 0xf3, 0xf3, 0xf3, 0xf3, 0xf3, 0xf3, 0xf2, 0xe0, 0x6a, 0xe1, 0x23, 0x02,
    0x00, 0x00, 0x00, 0x00, 0x00, 0x00, 0x00, 0x00, 0x00, 0x00, 0x00, 0x00, 0x00, 0x00, 0x00, 0x00,
    0x00, 0x00, 0x00, 0x00, 0x00, 0x00, 0x00, 0x00, 0x00, 0x00, 0x00, 0x00, 0x00, 0x00, 0x00, 0x00,
    0x00, 0x00, 0x00, 0x00, 0x00, 0x02, 0xcf, 0xf1, 0xf3, 0xf3, 0xf3, 0xf3, 0xf3, 0xf3, 0xf2, 0x9f,
    0xae, 0xf1, 0xdb, 0x1d, 0x01, 0x00, 0x00, 0x00, 0x00, 0x00, 0x00, 0x00, 0x00, 0x00, 0x00, 0x00,
    0x00, 0x00, 0x00, 0x00, 0x00, 0x00, 0x00, 0x00, 0x00, 0x00, 0x00, 0x00, 0x00, 0x00, 0x00, 0x00,
    0x00, 0x00, 0x00, 0x00, 0x00, 0x00, 0x00, 0x00, 0x01, 0x08, 0xeb, 0xf2, 0xf3, 0xf3, 0xf3, 0xf3,
    0xf3, 0xf3, 0xf7, 0x62, 0xf0, 0xf3, 0xf2, 0xd3, 0x13, 0x01, 0x00, 0x00, 0x00, 0x00, 0x00, 0x00,
    0x00, 0x00, 0x00, 0x00, 0x00, 0x00, 0x00, 0x00, 0x00, 0x00, 0x00, 0x00, 0x00, 0x00, 0x00, 0x00,
    0x00, 0x00, 0x00, 0x00, 0x00, 0x00, 0x00, 0x00, 0x00, 0x00, 0x00, 0x00, 0x02, 0x2a, 0xf6, 0xf3,
    0xf3, 0xf3, 0xf3, 0xf3, 0xf3, 0xf3, 0xf0, 0x69, 0xf7, 0xf3, 0xf3, 0xf3, 0xb4, 0x02, 0x00, 0x00,
    0x00, 0x00, 0x00, 0x00, 0x00, 0x00, 0x00, 0x00, 0x00, 0x00, 0x00, 0x00, 0x00, 0x00, 0x00, 0x00,
    0x00, 0x00, 0x00, 0x00, 0x00, 0x00, 0x00, 0x00, 0x00, 0x00, 0x00, 0x00, 0x00, 0x00, 0x00, 0x00,
    0x01, 0x59, 0xf7, 0xf3, 0xf3, 0xf3, 0xf3, 0xf3, 0xf3, 0xf1, 0xb0, 0xaf, 0xf2, 0xf3, 0xf3, 0xf3,
    0xf4, 0x72, 0x02, 0x00, 0x00, 0x00, 0x00, 0x00, 0x00, 0x00, 0x00, 0x00, 0x00, 0x00, 0x00, 0x00,
    0x00, 0x00, 0x00, 0x00, 0x00, 0x00, 0x00, 0x00, 0x00, 0x00, 0x00, 0x00, 0x00, 0x00, 0x00, 0x00,
    0x01, 0x01, 0x00, 0x00, 0x02, 0x9c, 0xf2, 0xf3, 0xf3, 0xf3, 0xf3, 0xf3, 0xf3, 0xf7, 0x68, 0xf1,
    0xf3, 0xf3, 0xf3, 0xf3, 0xf3, 0xf1, 0x1a, 0x01, 0x00, 0x00, 0x00, 0x00, 0x00, 0x00, 0x00, 0x00,
    0x00, 0x00, 0x00, 0x00, 0x00, 0x00, 0x00, 0x00, 0x00, 0x00, 0x00, 0x00, 0x00, 0x00, 0x00, 0x00,
    0x00, 0x00, 0x00, 0x01, 0x0e, 0x09, 0x01, 0x01, 0x05, 0xe0, 0xf2, 0xf3, 0xf3, 0xf3, 0xf3, 0xf3,
    0xf2, 0xe6, 0x71, 0xf6, 0xf3, 0xf3, 0xf3, 0xf3, 0xf2, 0xc9, 0x02, 0x00, 0x00, 0x00, 0x00, 0x00,
    0x00, 0x00, 0x00, 0x00, 0x00, 0x00, 0x00, 0x00, 0x00, 0x00, 0x00, 0x00, 0x00, 0x00, 0x00, 0x00,
    0x00, 0x00, 0x00, 0x00, 0x00, 0x00, 0x01, 0x8e, 0xed, 0xea, 0x8a, 0x11, 0x3d, 0xf7, 0xf2, 0xf3,
    0xf3, 0xf3, 0xf3, 0xf3, 0xf3, 0x91, 0x2d, 0xec, 0xf2, 0xf3, 0xf3, 0xf3, 0xf6, 0x4d, 0x3a, 0x00,
    0x00, 0x00, 0x00, 0x00, 0x00, 0x00, 0x00, 0x00, 0x00, 0x00, 0x00, 0x00, 0x00, 0x00, 0x00, 0x00,
    0x00, 0x00, 0x00, 0x00, 0x00, 0x00, 0x00, 0x00, 0x00, 0x00, 0x00, 0xe2, 0xf1, 0xf2, 0xf4, 0xd7,
    0x26, 0x75, 0xe9, 0xf4, 0xf3, 0xf3, 0xf3, 0xf3, 0xf3, 0x25, 0x03, 0x53, 0xf6, 0xf6, 0xf7, 0xf2,
    0x83, 0x7e, 0x6d, 0x01, 0x00, 0x00, 0x00, 0x00, 0x00, 0x00, 0x00, 0x00, 0x00, 0x00, 0x00, 0x00,
    0x00, 0x00, 0x00, 0x00, 0x00, 0x00, 0x00, 0x00, 0x00, 0x00, 0x00, 0x00, 0x00, 0x00, 0x01, 0xa8,
    0xf2, 0xf3, 0xf3, 0xf2, 0xc3, 0x79, 0x59, 0xa3, 0xf4, 0xf3, 0xf3, 0xf3, 0xa1, 0x02, 0x00, 0x02,
    0x4b, 0x6c, 0x53, 0x47, 0x9c, 0xf9, 0x3b, 0x02, 0x00, 0x00, 0x00, 0x00, 0x00, 0x00, 0x00, 0x00,
    0x00, 0x00, 0x00, 0x00, 0x00, 0x00, 0x00, 0x00, 0x00, 0x00, 0x00, 0x00, 0x00, 0x00, 0x00, 0x00,
    0x00, 0x00, 0x01, 0x26, 0xef, 0xf2, 0xf3, 0xf3, 0xf4, 0x95, 0xc9, 0x7c, 0x94, 0xf4, 0xf3, 0xf0,
    0x21, 0x01, 0x00, 0x0a, 0xc1, 0xe0, 0xf3, 0xf7, 0xf2, 0xc8, 0x03, 0x00, 0x00, 0x00, 0x00, 0x00,
    0x00, 0x00, 0x00, 0x00, 0x00, 0x00, 0x00, 0x00, 0x00, 0x00, 0x00, 0x00, 0x00, 0x00, 0x00, 0x00,
    0x00, 0x00, 0x00, 0x00, 0x00, 0x00, 0x00, 0x02, 0x6d, 0xf5, 0xf3, 0xf3, 0xf3, 0xf7, 0x6e, 0xf3,
    0x77, 0xb4, 0xf4, 0x87, 0x01, 0x00, 0x01, 0x22, 0x65, 0xa4, 0xf3, 0xf3, 0xf2, 0x32, 0x01, 0x00,
    0x00, 0x00, 0x00, 0x00, 0x00, 0x00, 0x00, 0x00, 0x00, 0x00, 0x00, 0x00, 0x00, 0x00, 0x00, 0x00,
    0x00, 0x00, 0x00, 0x00, 0x00, 0x00, 0x00, 0x00, 0x00, 0x00, 0x00, 0x00, 0x02, 0xa6, 0xf3, 0xf3,
    0xf2, 0xf7, 0xb7, 0x84, 0xf7, 0x4b, 0xc6, 0x09, 0x01, 0x01, 0x07, 0xe0, 0xf4, 0xe1, 0xf1, 0xf4,
    0x71, 0x02, 0x00, 0x00, 0x00, 0x00, 0x00, 0x00, 0x00, 0x00, 0x00, 0x00, 0x00, 0x00, 0x00, 0x00,
    0x00, 0x00, 0x00, 0x00, 0x00, 0x00, 0x00, 0x00, 0x00, 0x00, 0x00, 0x00, 0x00, 0x00, 0x00, 0x00,
    0x01, 0x0b, 0xbd, 0xf7, 0xbd, 0x58, 0x99, 0x5e, 0xed, 0x98, 0x0e, 0x01, 0x00, 0x02, 0x35, 0xf6,
    0xf2, 0xf1, 0xf7, 0x82, 0x02, 0x00, 0x00, 0x00, 0x00, 0x00, 0x00, 0x00, 0x00, 0x00, 0x00, 0x00,
    0x00, 0x00, 0x00, 0x00, 0x00, 0x00, 0x00, 0x00, 0x00, 0x00, 0x00, 0x00, 0x00, 0x00, 0x00, 0x00,
    0x00, 0x00, 0x00, 0x00, 0x00, 0x01, 0x0c, 0x5c, 0x81, 0xed, 0xf2, 0xa7, 0x94, 0x39, 0x01, 0x00,
    0x00, 0x01, 0x38, 0xe0, 0xdc, 0xad, 0x3d, 0x01, 0x00, 0x00, 0x00, 0x00, 0x00, 0x00, 0x00, 0x00,
    0x00, 0x00, 0x00, 0x00, 0x00, 0x00, 0x00, 0x00, 0x00, 0x00, 0x00, 0x00, 0x00, 0x00, 0x00, 0x00,
    0x00, 0x00, 0x00, 0x00, 0x00, 0x00, 0x00, 0x00, 0x00, 0x00, 0x01, 0x06, 0x77, 0xe3, 0xf7, 0xdb,
    0x04, 0x01, 0x00, 0x00, 0x00, 0x00, 0x01, 0x02, 0x02, 0x01, 0x01, 0x00, 0x00, 0x00, 0x00, 0x00,
    0x00, 0x00, 0x00, 0x00, 0x00, 0x00, 0x00, 0x00, 0x00, 0x00, 0x00, 0x00, 0x00, 0x00, 0x00, 0x00,
    0x00, 0x00, 0x00, 0x00, 0x00, 0x00, 0x00, 0x00, 0x00, 0x00, 0x00, 0x00, 0x00, 0x00, 0x00, 0x00,
    0x01, 0x09, 0x35, 0x26, 0x01, 0x00, 0x00, 0x00, 0x00, 0x00, 0x00, 0x00, 0x00, 0x00, 0x00, 0x00,
    0x00, 0x00, 0x00, 0x00, 0x00, 0x00, 0x00, 0x00, 0x00, 0x00, 0x00, 0x00, 0x00, 0x00, 0x00, 0x00,
    0x00, 0x00, 0x00, 0x00, 0x00, 0x00, 0x00, 0x00, 0x00, 0x00, 0x00, 0x00, 0x00, 0x00, 0x00, 0x00,
    0x00, 0x00, 0x00, 0x00, 0x00, 0x01, 0x02, 0x01, 0x00, 0x00, 0x00, 0x00, 0x00, 0x00, 0x00, 0x00,
    0x00, 0x00, 0x00, 0x00, 0x00, 0x00, 0x00, 0x00, 0x00, 0x00, 0x00, 0x00, 0x00, 0x00, 0x00, 0x00,
    0x00, 0x00, 0x00, 0x00, 0x00, 0x00, 0x00, 0x00, 0x00, 0x00, 0x00, 0x00, 0x00, 0x00, 0x00, 0x00,
    0x00, 0x00, 0x00, 0x00, 0x00, 0x00, 0x00, 0x00, 0x00, 0x00, 0x00, 0x00, 0x00, 0x00, 0x00, 0x00,
    0x00, 0x00, 0x00, 0x00, 0x00, 0x00, 0x00, 0x00, 0x00, 0x00, 0x00, 0x00, 0x00, 0x00, 0x00, 0x00,
    0x00, 0x00, 0x00, 0x00, 0x00, 0x00, 0x00, 0x00, 0x00, 0x00, 0x00, 0x00, 0x00, 0x00, 0x00, 0x00,
    0x00, 0x00, 0x00, 0x00, 0x00, 0x00, 0x00, 0x00, 0x00, 0x00, 0x00, 0x00, 0x00, 0x00, 0x00, 0x00,
    0x00, 0x00, 0x00, 0x00, 0x00, 0x00, 0x00, 0x00, 0x00, 0x00, 0x00, 0x00, 0x00, 0x00, 0x00, 0x00,
    0x00, 0x00, 0x00, 0x00, 0x00, 0x00, 0x00, 0x00, 0x00, 0x00, 0x00, 0x00,
};

const lv_image_dsc_t pipboy_frame_0 = {
    .header = {
        .magic = LV_IMAGE_HEADER_MAGIC,
        .cf = LV_COLOR_FORMAT_A8,
        .flags = 0,
        .w = 52,
        .h = 75,
        .stride = 52,
        .reserved_2 = 0,
    },
    .data_size = sizeof(pipboy_frame_0_map),
    .data = pipboy_frame_0_map,
    .reserved = NULL,
};

const LV_ATTRIBUTE_MEM_ALIGN LV_ATTRIBUTE_LARGE_CONST uint8_t pipboy_frame_1_map[] = {
    0x00, 0x00, 0x00, 0x00, 0x00, 0x00, 0x00, 0x00, 0x00, 0x00, 0x00, 0x00, 0x00, 0x00, 0x00, 0x00,
    0x00, 0x00, 0x00, 0x00, 0x00, 0x00, 0x00, 0x00, 0x00, 0x00, 0x00, 0x00, 0x00, 0x00, 0x00, 0x00,
    0x00, 0x00, 0x00, 0x00, 0x00, 0x00, 0x00, 0x00, 0x00, 0x00, 0x00, 0x00, 0x00, 0x00, 0x00, 0x00,
    0x00, 0x00, 0x00, 0x00, 0x00, 0x00, 0x00, 0x00, 0x00, 0x00, 0x00, 0x00, 0x00, 0x00, 0x00, 0x00,
    0x00, 0x00, 0x00, 0x00, 0x00, 0x00, 0x00, 0x00, 0x00, 0x00, 0x00, 0x00, 0x00, 0x00, 0x00, 0x00,
    0x00, 0x00, 0x00, 0x00, 0x00, 0x00, 0x00, 0x00, 0x00, 0x00, 0x00, 0x00, 0x00, 0x00, 0x00, 0x00,
    0x00, 0x00, 0x00, 0x00, 0x00, 0x00, 0x00, 0x00, 0x00, 0x00, 0x00, 0x00, 0x00, 0x00, 0x00, 0x00,
    0x00, 0x00, 0x00, 0x00, 0x00, 0x00, 0x00, 0x00, 0x00, 0x00, 0x00, 0x00, 0x00, 0x00, 0x00, 0x03,
    0x04, 0x02, 0x01, 0x00, 0x00, 0x00, 0x00, 0x00, 0x00, 0x00, 0x00, 0x00, 0x00, 0x00, 0x00, 0x00,
    0x00, 0x00, 0x00, 0x00, 0x00, 0x00, 0x00, 0x00, 0x00, 0x00, 0x00, 0x00, 0x00, 0x00, 0x00, 0x00,
    0x00, 0x00, 0x00, 0x00, 0x00, 0x00, 0x00, 0x00, 0x00, 0x00, 0x00, 0x00, 0x00, 0x00, 0x00, 0x01,
    0x01, 0x02, 0x14, 0xd7, 0xdb, 0x61, 0x0a, 0x01, 0x01, 0x00, 0x00, 0x00, 0x00, 0x00, 0x00, 0x00,
    0x00, 0x00, 0x00, 0x00, 0x00, 0x00, 0x00, 0x00, 0x00, 0x00, 0x00, 0x00, 0x00, 0x00, 0x00, 0x00,
    0x00, 0x00, 0x00, 0x00, 0x00, 0x00, 0x00, 0x00, 0x00, 0x00, 0x00, 0x00, 0x00, 0x00, 0x00, 0x00,
    0x00, 0x00, 0x01, 0x36, 0x8f, 0x52, 0xb3, 0xf3, 0xf2, 0xf6, 0xea, 0xe3, 0x70, 0x01, 0x01, 0x00,
    0x00, 0x00, 0x00, 0x00, 0x00, 0x00, 0x00, 0x00, 0x00, 0x00, 0x00, 0x00, 0x00, 0x00, 0x00, 0x00,
    0x00, 0x00, 0x00, 0x00, 0x00, 0x00, 0x00, 0x00, 0x00, 0x00, 0x00, 0x00, 0x00, 0x00, 0x00, 0x00,
    0x00, 0x01, 0x0f, 0x2e, 0x01, 0x01, 0x3c, 0xe9, 0xf2, 0xf7, 0xf4, 0xf3, 0xf6, 0xf2, 0xf2, 0xf2,
    0xf5, 0xa8, 0x0e, 0x01, 0x00, 0x00, 0x00, 0x00, 0x00, 0x00, 0x00, 0x00, 0x00, 0x00, 0x00, 0x00,
    0x00, 0x00, 0x00, 0x00, 0x00, 0x00, 0x00, 0x00, 0x00, 0x00, 0x00, 0x00, 0x00, 0x00, 0x00, 0x00,
    0x00, 0x00, 0x00, 0x00, 0x00, 0x02, 0x52, 0xe3, 0x6c, 0x8b, 0xf3, 0xd5, 0xda, 0xf8, 0xf6, 0xa5,
    0x67, 0xd6, 0xf2, 0xf5, 0xf7, 0xf8, 0xc0, 0x11, 0x01, 0x00, 0x00, 0x00, 0x00, 0x00, 0x00, 0x00,
    0x00, 0x00, 0x00, 0x00, 0x00, 0x00, 0x00, 0x00, 0x00, 0x00, 0x00, 0x00, 0x00, 0x00, 0x00, 0x00,
    0x00, 0x00, 0x00, 0x00, 0x00, 0x00, 0x00, 0x00, 0x00, 0x02, 0x59, 0xf6, 0xf6, 0xf4, 0x9f, 0x65,
    0x73, 0x6a, 0x85, 0xa9, 0xa3, 0x40, 0xcc, 0x89, 0x6d, 0x59, 0xb6, 0xd6, 0x18, 0x01, 0x00, 0x00,
    0x00, 0x00, 0x00, 0x00, 0x00, 0x00, 0x00, 0x00, 0x00, 0x00, 0x00, 0x00, 0x00, 0x00, 0x00, 0x00,
    0x00, 0x00, 0x00, 0x00, 0x00, 0x00, 0x00, 0x00, 0x00, 0x00, 0x00, 0x00, 0x00, 0x01, 0x14, 0xc9,
    0xf3, 0xb3, 0x67, 0xf6, 0xf5, 0xf7, 0xf7, 0xf1, 0xf2, 0xee, 0xa6, 0xea, 0xf7, 0xdf, 0x21, 0xf2,
    0x93, 0x01, 0x00, 0x00, 0x00, 0x00, 0x00, 0x00, 0x00, 0x00, 0x00, 0x00, 0x00, 0x00, 0x00, 0x00,
    0x00, 0x00, 0x00, 0x00, 0x00, 0x00, 0x00, 0x00, 0x00, 0x00, 0x00, 0x00, 0x00, 0x00, 0x00, 0x00,
    0x00, 0x01, 0x30, 0x59, 0x1d, 0x6f, 0xf6, 0xf3, 0xf3, 0xf3, 0xf3, 0xf3, 0xf6, 0xf5, 0xf2, 0xf3,
    0xf3, 0xf7, 0x2b, 0xf2, 0xd9, 0x02, 0x00, 0x00, 0x00, 0x00, 0x00, 0x00, 0x00, 0x00, 0x00, 0x00,
    0x00, 0x00, 0x00, 0x00, 0x00, 0x00, 0x00, 0x00, 0x00, 0x00, 0x00, 0x00, 0x00, 0x00, 0x00, 0x00,
    0x00, 0x00, 0x00, 0x00, 0x00, 0x01, 0x2f, 0x70, 0xae, 0x63, 0x43, 0xf6, 0xf3, 0xf3, 0xf3, 0xf6,
    0x7c, 0x6c, 0xf4, 0xf3, 0xf5, 0x7d, 0x94, 0xf4, 0xed, 0x06, 0x01, 0x00, 0x00, 0x00, 0x00, 0x00,
    0x00, 0x00, 0x00, 0x00, 0x00, 0x00, 0x00, 0x00, 0x00, 0x00, 0x00, 0x00, 0x00, 0x00, 0x00, 0x00,
    0x00, 0x00, 0x00, 0x00, 0x00, 0x00, 0x00, 0x00, 0x00, 0x00, 0x01, 0x3b, 0xf3, 0xe5, 0xf6, 0xf3,
    0xf3, 0xf3, 0xf3, 0xf2, 0xf7, 0x92, 0xe3, 0xf2, 0xf0, 0x8f, 0x66, 0xa7, 0xec, 0x05, 0x01, 0x00,
    0x00, 0x00, 0x00, 0x00, 0x00, 0x00, 0x00, 0x00, 0x00, 0x00, 0x00, 0x00, 0x00, 0x00, 0x00, 0x00,
    0x00, 0x00, 0x00, 0x00, 0x00, 0x00, 0x00, 0x00, 0x00, 0x00, 0x00, 0x00, 0x00, 0x00, 0x01, 0xb2,
    0xf5, 0x5b, 0xd6, 0xf1, 0xd8, 0xcc, 0xf2, 0xf2, 0x68, 0xf2, 0xf3, 0xf3, 0xf4, 0xc1, 0x7f, 0x70,
    0x78, 0x00, 0x00, 0x00, 0x00, 0x00, 0x00, 0x00, 0x00, 0x00, 0x00, 0x00, 0x00, 0x00, 0x00, 0x00,
    0x00, 0x00, 0x00, 0x00, 0x00, 0x00, 0x00, 0x00, 0x00, 0x00, 0x00, 0x00, 0x00, 0x00, 0x00, 0x00,
    0x00, 0x00, 0x04, 0xe9, 0xf5, 0x27, 0xc1, 0xf4, 0x44, 0xcf, 0xf0, 0xd5, 0x02, 0xdd, 0xf2, 0xf3,
    0xf5, 0x9b, 0x89, 0x7d, 0x57, 0x01, 0x00, 0x00, 0x00, 0x00, 0x00, 0x00, 0x00, 0x00, 0x00, 0x00,
    0x00, 0x00, 0x00, 0x00, 0x00, 0x00, 0x00, 0x00, 0x00, 0x00, 0x00, 0x00, 0x00, 0x00, 0x00, 0x00,
    0x00, 0x00, 0x00, 0x00, 0x00, 0x01, 0x0f, 0xee, 0xf3, 0xd8, 0xf2, 0x93, 0x85, 0xf4, 0xf3, 0xed,
    0x5b, 0xec, 0xf3, 0xf3, 0xf4, 0xb7, 0x70, 0x87, 0x1d, 0x01, 0x00, 0x00, 0x00, 0x00, 0x00, 0x00,
    0x00, 0x00, 0x00, 0x00, 0x00, 0x00, 0x00, 0x00, 0x00, 0x00, 0x00, 0x00, 0x00, 0x00, 0x00, 0x00,
    0x00, 0x00, 0x00, 0x00, 0x00, 0x00, 0x00, 0x00, 0x00, 0x01, 0x1b, 0xf4, 0xf3, 0xf2, 0xf0, 0x40,
    0xf6, 0xf3, 0xf3, 0xf3, 0xf7, 0xf3, 0xf3, 0xf3, 0xf3, 0xe1, 0xe0, 0xc1, 0x02, 0x00, 0x00, 0x00,
    0x00, 0x00, 0x00, 0x00, 0x00, 0x00, 0x00, 0x00, 0x00, 0x00, 0x00, 0x00, 0x00, 0x00, 0x00, 0x00,
    0x00, 0x00, 0x00, 0x00, 0x00, 0x00, 0x00, 0x00, 0x00, 0x00, 0x00, 0x00, 0x00, 0x01, 0x11, 0xef,
    0xf2, 0xf3, 0xf6, 0x64, 0xc6, 0xf2, 0xf3, 0xf3, 0xf4, 0xf3, 0xf3, 0xf3, 0xf3, 0xf3, 0xf3, 0xf8,
    0x31, 0x02, 0x00, 0x00, 0x00, 0x00, 0x00, 0x00, 0x00, 0x00, 0x00, 0x00, 0x00, 0x00, 0x00, 0x00,
    0x00, 0x00, 0x00, 0x00, 0x00, 0x00, 0x00, 0x00, 0x00, 0x00, 0x00, 0x00, 0x00, 0x00, 0x00, 0x00,
    0x00, 0x00, 0x01, 0xdb, 0xe7, 0xe0, 0xf7, 0xf8, 0xf6, 0xf7, 0xf6, 0xd7, 0x8f, 0xf5, 0xf3, 0xf3,
    0xf3, 0xf3, 0xf2, 0xf6, 0x32, 0x02, 0x00, 0x00, 0x00, 0x00, 0x00, 0x00, 0x00, 0x00, 0x00, 0x00,
    0x00, 0x00, 0x00, 0x00, 0x00, 0x00, 0x00, 0x00, 0x00, 0x00, 0x00, 0x00, 0x00, 0x00, 0x00, 0x00,
    0x00, 0x00, 0x00, 0x00, 0x00, 0x00, 0x02, 0x9c, 0x60, 0x76, 0xa2, 0x96, 0x99, 0x9b, 0x91, 0xad,
    0x3d, 0xa0, 0xf2, 0xf3, 0xf3, 0xf0, 0xdf, 0xaa, 0x07, 0x00, 0x00, 0x00, 0x00, 0x00, 0x00, 0x00,
    0x00, 0x00, 0x00, 0x00, 0x00, 0x00, 0x00, 0x00, 0x00, 0x00, 0x00, 0x00, 0x00, 0x00, 0x00, 0x00,
    0x00, 0x00, 0x00, 0x00, 0x00, 0x00, 0x00, 0x00, 0x00, 0x00, 0x01, 0x2d, 0xb2, 0x94, 0x8d, 0xb5,
    0xd8, 0xd7, 0xac, 0x66, 0xa0, 0xb8, 0xf3, 0xf3, 0xf3, 0x9b, 0x01, 0x01, 0x00, 0x00, 0x00, 0x00,
    0x00, 0x00, 0x00, 0x00, 0x00, 0x00, 0x00, 0x00, 0x00, 0x00, 0x00, 0x00, 0x00, 0x00, 0x00, 0x00,
    0x00, 0x00, 0x00, 0x00, 0x00, 0x00, 0x00, 0x00, 0x00, 0x00, 0x00, 0x00, 0x00, 0x00, 0x00, 0x02,
    0x8a, 0xf6, 0xf4, 0xcb, 0xa5, 0x9a, 0xbb, 0xf3, 0xf3, 0xf4, 0xf3, 0xf2, 0xd5, 0x12, 0x01, 0x00,
    0x00, 0x00, 0x00, 0x00, 0x00, 0x00, 0x00, 0x00, 0x00, 0x00, 0x00, 0x00, 0x00, 0x00, 0x00, 0x00,
    0x00, 0x00, 0x00, 0x00, 0x00, 0x00, 0x00, 0x00, 0x00, 0x00, 0x00, 0x00, 0x00, 0x00, 0x00, 0x00,
    0x00, 0x00, 0x00, 0x01, 0x08, 0xbb, 0xf4, 0xf1, 0xf2, 0xf3, 0xf1, 0xf3, 0xf3, 0xf3, 0xf4, 0xd5,
    0x4b, 0x4b, 0x01, 0x00, 0x00, 0x00, 0x00, 0x00, 0x00, 0x00, 0x00, 0x00, 0x00, 0x00, 0x00, 0x00,
    0x00, 0x00, 0x00, 0x00, 0x00, 0x00, 0x00, 0x00, 0x00, 0x00, 0x00, 0x00, 0x00, 0x00, 0x00, 0x00,
    0x00, 0x00, 0x00, 0x00, 0x00, 0x00, 0x00, 0x00, 0x01, 0x07, 0x7f, 0xec, 0xf7, 0xf2, 0xf2, 0xf3,
    0xf3, 0xf3, 0xd1, 0xa8, 0x5c, 0xf4, 0x39, 0x01, 0x00, 0x00, 0x00, 0x00, 0x00, 0x00, 0x00, 0x00,
    0x00, 0x00, 0x00, 0x00, 0x00, 0x00, 0x00, 0x00, 0x00, 0x00, 0x00, 0x00, 0x00, 0x00, 0x00, 0x00,
    0x00, 0x00, 0x00, 0x00, 0x00, 0x00, 0x00, 0x00, 0x00, 0x00, 0x00, 0x00, 0x00, 0x02, 0x49, 0x66,
    0x63, 0xbb, 0xe7, 0xf3, 0xf2, 0xf2, 0xf7, 0x65, 0xbe, 0xf6, 0x3f, 0x3d, 0x01, 0x00, 0x00, 0x00,
    0x00, 0x00, 0x00, 0x00, 0x00, 0x00, 0x00, 0x00, 0x00, 0x00, 0x00, 0x00, 0x00, 0x00, 0x00, 0x00,
    0x00, 0x00, 0x00, 0x00, 0x00, 0x00, 0x00, 0x00, 0x00, 0x00, 0x00, 0x00, 0x00, 0x00, 0x00, 0x00,
    0x01, 0x06, 0xd3, 0xf4, 0xc9, 0x39, 0x33, 0x75, 0xdf, 0x9f, 0x48, 0xb5, 0xf3, 0xbd, 0x32, 0xf5,
    0x39, 0x01, 0x00, 0x00, 0x00, 0x00, 0x00, 0x00, 0x00, 0x00, 0x00, 0x00, 0x00, 0x00, 0x00, 0x00,
    0x00, 0x00, 0x00, 0x00, 0x00, 0x00, 0x00, 0x00, 0x00, 0x00, 0x00, 0x00, 0x00, 0x00, 0x00, 0x00,
    0x00, 0x00, 0x00, 0x01, 0x30, 0xdf, 0x4a, 0xc8, 0xf4, 0xf7, 0xc3, 0x7b, 0x67, 0x96, 0xec, 0xf4,
    0xce, 0x29, 0xd3, 0xf1, 0xeb, 0x26, 0x01, 0x00, 0x00, 0x00, 0x00, 0x00, 0x00, 0x00, 0x00, 0x00,
    0x00, 0x00, 0x00, 0x00, 0x00, 0x00, 0x00, 0x00, 0x00, 0x00, 0x00, 0x00, 0x00, 0x00, 0x00, 0x00,
    0x00, 0x00, 0x00, 0x00, 0x00, 0x00, 0x01, 0x0a, 0xcf, 0xf1, 0xe8, 0x58, 0xaf, 0xf3, 0xf1, 0xf5,
    0xf9, 0xf5, 0xe6, 0x86, 0x28, 0xcb, 0xf3, 0xf3, 0xf2, 0xd1, 0x0d, 0x01, 0x00, 0x00, 0x00, 0x00,
    0x00, 0x00, 0x00, 0x00, 0x00, 0x00, 0x00, 0x00, 0x00, 0x00, 0x00, 0x00, 0x00, 0x00, 0x00, 0x00,
    0x00, 0x00, 0x00, 0x00, 0x00, 0x00, 0x00, 0x00, 0x00, 0x00, 0x02, 0x88, 0xf4, 0xf3, 0xf1, 0x9d,
    0xa6, 0xf2, 0xf3, 0xf3, 0xa2, 0x2a, 0x50, 0x9c, 0xec, 0xf2, 0xf3, 0xf3, 0xf3, 0xf3, 0x9e, 0x02,
    0x00, 0x00, 0x00, 0x00, 0x00, 0x00, 0x00, 0x00, 0x00, 0x00, 0x00, 0x00, 0x00, 0x00, 0x00, 0x00,
    0x00, 0x00, 0x00, 0x00, 0x00, 0x00, 0x00, 0x00, 0x00, 0x00, 0x00, 0x00, 0x00, 0x01, 0x35, 0xf4,
    0xf3, 0xf3, 0xf3, 0x89, 0xba, 0xf1, 0xf3, 0xf6, 0x6b, 0xdd, 0xf7, 0xf2, 0xf3, 0xf3, 0xf3, 0xf3,
    0xf3, 0xf3, 0xf6, 0x53, 0x02, 0x00, 0x00, 0x00, 0x00, 0x00, 0x00, 0x00, 0x00, 0x00, 0x00, 0x00,
    0x00, 0x00, 0x00, 0x00, 0x00, 0x00, 0x00, 0x00, 0x00, 0x00, 0x00, 0x00, 0x00, 0x00, 0x00, 0x00,
    0x00, 0x06, 0xca, 0xf2, 0xf3, 0xf3, 0xf5, 0x78, 0xd2, 0xf2, 0xf3, 0xf8, 0x5b, 0xf3, 0xf3, 0xf3,
    0xf3, 0xf3, 0xf3, 0xf3, 0xf3, 0xf3, 0xf2, 0xe4, 0x15, 0x01, 0x00, 0x00, 0x00, 0x00, 0x00, 0x00,
    0x00, 0x00, 0x00, 0x00, 0x00, 0x00, 0x00, 0x00, 0x00, 0x00, 0x00, 0x00, 0x00, 0x00, 0x00, 0x00,
    0x00, 0x00, 0x00, 0x00, 0x02, 0x66, 0xf4, 0xa8, 0xd3, 0xf2, 0xf7, 0x66, 0xe2, 0xf2, 0xf3, 0xf8,
    0x5f, 0xf8, 0xf3, 0xf3, 0xf3, 0xf3, 0xf3, 0xf3, 0xf3, 0xf3, 0xf3, 0xf3, 0x9e, 0x01, 0x00, 0x00,
    0x00, 0x00, 0x00, 0x00, 0x00, 0x00, 0x00, 0x00, 0x00, 0x00, 0x00, 0x00, 0x00, 0x00, 0x00, 0x00,
    0x00, 0x00, 0x00, 0x00, 0x00, 0x00, 0x00, 0x01, 0x0c, 0xe0, 0xf2, 0x8b, 0xcd, 0xf2, 0xf8, 0x60,
    0xe6, 0xf2, 0xf3, 0xf8, 0x5f, 0xf7, 0xf3, 0xf3, 0xf3, 0xf3, 0xf3, 0xf3, 0xf3, 0xf3, 0xf3, 0xf3,
    0xf6, 0x3f, 0x01, 0x00, 0x00, 0x00, 0x00, 0x00, 0x00, 0x00, 0x00, 0x00, 0x00, 0x00, 0x00, 0x00,
    0x00, 0x00, 0x00, 0x00, 0x00, 0x00, 0x00, 0x00, 0x00, 0x00, 0x00, 0x02, 0x70, 0xf5, 0xf2, 0x9e,
    0xb4, 0xf2, 0xf8, 0x61, 0xeb, 0xf3, 0xf3, 0xf8, 0x55, 0xf7, 0xf3, 0xf3, 0xf3, 0xf3, 0xf3, 0xf3,
    0xf3, 0xf3, 0xf3, 0xf3, 0xf2, 0xcb, 0x04, 0x00, 0x00, 0x00, 0x00, 0x00, 0x00, 0x00, 0x00, 0x00,
    0x00, 0x00, 0x00, 0x00, 0x00, 0x00, 0x00, 0x00, 0x00, 0x00, 0x00, 0x00, 0x00, 0x00, 0x01, 0x08,
    0xdc, 0xf2, 0xf1, 0xb3, 0x9d, 0xf2, 0xf8, 0x61, 0xeb, 0xf3, 0xf3, 0xf8, 0x57, 0xf7, 0xf3, 0xf3,
    0xf3, 0xf6, 0xf2, 0xf3, 0xf3, 0xf3, 0xf3, 0xf3, 0xf3, 0xf6, 0x54, 0x02, 0x00, 0x00, 0x00, 0x00,
    0x00, 0x00, 0x00, 0x00, 0x00, 0x00, 0x00, 0x00, 0x00, 0x00, 0x00, 0x00, 0x00, 0x00, 0x00, 0x00,
    0x00, 0x00, 0x01, 0x5d, 0xf6, 0xf3, 0xf2, 0xde, 0x81, 0xf4, 0xf8, 0x61, 0xe7, 0xf2, 0xf3, 0xf8,
    0x62, 0xf7, 0xf3, 0xf2, 0xde, 0x55, 0xf1, 0xf2, 0xf3, 0xf3, 0xf3, 0xf3, 0xf3, 0xf2, 0xca, 0x02,
    0x00, 0x00, 0x00, 0x00, 0x00, 0x00, 0x00, 0x00, 0x00, 0x00, 0x00, 0x00, 0x00, 0x00, 0x00, 0x00,
    0x00, 0x00, 0x00, 0x00, 0x00, 0x00, 0x03, 0xcd, 0xf2, 0xf3, 0xf3, 0xf6, 0x65, 0xf8, 0xf8, 0x62,
    0xe2, 0xf2, 0xf3, 0xf8, 0x60, 0xf7, 0xf3, 0xf3, 0xf3, 0xd2, 0x58, 0xf2, 0xf2, 0xf3, 0xf3, 0xf3,
    0xf3, 0xf3, 0xf7, 0x3c, 0x01, 0x00, 0x00, 0x00, 0x00, 0x00, 0x00, 0x00, 0x00, 0x00, 0x00, 0x00,
    0x00, 0x00, 0x00, 0x00, 0x00, 0x00, 0x00, 0x00, 0x00, 0x02, 0x2e, 0xf7, 0xf3, 0xf3, 0xf3, 0xf7,
    0x5a, 0xf5, 0xf4, 0x7a, 0xd3, 0xf2, 0xf3, 0xf7, 0x5e, 0xeb, 0xf2, 0xf3, 0xf3, 0xf2, 0xd2, 0x63,
    0xf6, 0xf3, 0xf3, 0xf3, 0xf3, 0xf3, 0xf3, 0xa1, 0x02, 0x00, 0x00, 0x00, 0x00, 0x00, 0x00, 0x00,
    0x00, 0x00, 0x00, 0x00, 0x00, 0x00, 0x00, 0x00, 0x00, 0x00, 0x00, 0x00, 0x00, 0x03, 0x40, 0xd4,
    0xf2, 0xf3, 0xf3, 0xf1, 0x2d, 0xd5, 0xf1, 0x8b, 0xc1, 0xf1, 0xf3, 0xf4, 0x80, 0xc3, 0xf1, 0xf3,
    0xf3, 0xf3, 0xf2, 0xc4, 0x75, 0xf5, 0xf3, 0xf3, 0xf3, 0xf3, 0xf3, 0xec, 0x0f, 0x01, 0x00, 0x00,
    0x00, 0x00, 0x00, 0x00, 0x00, 0x00, 0x00, 0x00, 0x00, 0x00, 0x00, 0x00, 0x00, 0x00, 0x00, 0x00,
    0x01, 0x52, 0xdf, 0x50, 0xf6, 0xf4, 0xf4, 0x7b, 0x02, 0xa0, 0xf6, 0x90, 0xb4, 0xf1, 0xf3, 0xf2,
    0xb3, 0x8f, 0xf3, 0xf3, 0xf2, 0xf3, 0xf7, 0xbd, 0x2c, 0x8f, 0xf4, 0xf3, 0xf3, 0xf3, 0xf3, 0xf7,
    0x54, 0x02, 0x00, 0x00, 0x00, 0x00, 0x00, 0x00, 0x00, 0x00, 0x00, 0x00, 0x00, 0x00, 0x00, 0x00,
    0x00, 0x00, 0x00, 0x00, 0x02, 0xac, 0xf2, 0xc4, 0x4f, 0x7f, 0x7e, 0x08, 0x01, 0x25, 0x45, 0x34,
    0xb5, 0xf2, 0xf3, 0xf3, 0xf0, 0x5e, 0xf9, 0xf7, 0xe2, 0x91, 0x41, 0x6b, 0xdb, 0x66, 0xca, 0xf2,
    0xf3, 0xf3, 0xf3, 0xf2, 0x9f, 0x02, 0x00, 0x00, 0x00, 0x00, 0x00, 0x00, 0x00, 0x00, 0x00, 0x00,
    0x00, 0x00, 0x00, 0x00, 0x00, 0x00, 0x00, 0x00, 0x02, 0xc4, 0xf1, 0xf3, 0xf9, 0x54, 0x8b, 0x02,
    0x01, 0x95, 0xee, 0xe8, 0xf5, 0xf3, 0xf3, 0xf3, 0xf5, 0x75, 0x4f, 0x46, 0x5c, 0xa3, 0xf0, 0xf6,
    0xf0, 0xdf, 0x35, 0xf5, 0xf3, 0xf3, 0xf3, 0xf2, 0xd7, 0x02, 0x00, 0x00, 0x00, 0x00, 0x00, 0x00,
    0x00, 0x00, 0x00, 0x00, 0x00, 0x00, 0x00, 0x00, 0x00, 0x00, 0x00, 0x00, 0x02, 0x7d, 0xc1, 0xef,
    0x75, 0x99, 0x98, 0x02, 0x01, 0x47, 0xf7, 0xf1, 0xf3, 0xf3, 0xf3, 0xf3, 0xf3, 0xf4, 0xe2, 0xf5,
    0xf7, 0xf2, 0xf2, 0xf4, 0xd0, 0x49, 0x3b, 0x8f, 0xf4, 0xf3, 0xf3, 0xf3, 0xed, 0x09, 0x01, 0x00,
    0x00, 0x00, 0x00, 0x00, 0x00, 0x00, 0x00, 0x00, 0x00, 0x00, 0x00, 0x00, 0x00, 0x00, 0x00, 0x00,
    0x02, 0xa8, 0x7c, 0xf8, 0x6a, 0xe3, 0x28, 0x02, 0x00, 0x35, 0x4b, 0xc2, 0xf8, 0xf2, 0xf3, 0xf3,
    0xf3, 0xf3, 0xf2, 0xf3, 0xf3, 0xf2, 0xf7, 0x99, 0x53, 0xe4, 0x35, 0x10, 0xe2, 0xf2, 0xf3, 0xf2,
    0xc8, 0x1c, 0x01, 0x00, 0x00, 0x00, 0x00, 0x00, 0x00, 0x00, 0x00, 0x00, 0x00, 0x00, 0x00, 0x00,
    0x00, 0x00, 0x00, 0x00, 0x01, 0x71, 0x74, 0xdd, 0xc9, 0x95, 0xd3, 0x0f, 0x02, 0x4f, 0xea, 0x72,
    0x49, 0xa9, 0xef, 0xf8, 0xf7, 0xf7, 0xf8, 0xf7, 0xf4, 0xaa, 0x4d, 0xa6, 0xf7, 0xf4, 0x15, 0x02,
    0x69, 0xf7, 0xf7, 0xcc, 0x6c, 0xb7, 0x02, 0x00, 0x00, 0x00, 0x00, 0x00, 0x00, 0x00, 0x00, 0x00,
    0x00, 0x00, 0x00, 0x00, 0x00, 0x00, 0x00, 0x00, 0x01, 0x0f, 0xd8, 0x58, 0xda, 0x76, 0x86, 0xa3,
    0x03, 0x26, 0xf6, 0xf5, 0xee, 0x9c, 0x5a, 0x47, 0x4c, 0x64, 0x67, 0x5a, 0x5a, 0x92, 0xf0, 0xf3,
    0xf2, 0xeb, 0x0a, 0x02, 0x0c, 0x7c, 0x6c, 0x90, 0xf2, 0xed, 0x0c, 0x01, 0x00, 0x00, 0x00, 0x00,
    0x00, 0x00, 0x00, 0x00, 0x00, 0x00, 0x00, 0x00, 0x00, 0x00, 0x00, 0x00, 0x00, 0x02, 0x47, 0xe9,
    0x85, 0x9f, 0xdf, 0x1f, 0x02, 0x08, 0xe8, 0xf2, 0xf3, 0xf2, 0xf7, 0xf8, 0xef, 0xe4, 0xea, 0xf6,
    0xf8, 0xf3, 0xf3, 0xf3, 0xf2, 0xd9, 0x01, 0x01, 0x1a, 0xd7, 0xf6, 0xf4, 0xf3, 0xf6, 0x31, 0x02,
    0x00, 0x00, 0x00, 0x00, 0x00, 0x00, 0x00, 0x00, 0x00, 0x00, 0x00, 0x00, 0x00, 0x00, 0x00, 0x00,
    0x00, 0x00, 0x01, 0x4c, 0xe2, 0xaf, 0x58, 0x13, 0x01, 0x02, 0xbc, 0xf1, 0xf3, 0xf3, 0xf3, 0xf5,
    0xf3, 0xf2, 0xf2, 0xf3, 0xf3, 0xf3, 0xf3, 0xf3, 0xf2, 0xc7, 0x03, 0x0d, 0xd0, 0xf2, 0xf3, 0xf2,
    0xf3, 0xf3, 0x40, 0x02, 0x00, 0x00, 0x00, 0x00, 0x00, 0x00, 0x00, 0x00, 0x00, 0x00, 0x00, 0x00,
    0x00, 0x00, 0x00, 0x00, 0x00, 0x00, 0x00, 0x01, 0x08, 0x28, 0x01, 0x00, 0x00, 0x01, 0x80, 0xf5,
    0xf3, 0xf3, 0xf5, 0x9f, 0xf0, 0xf3, 0xf3, 0xf3, 0xf3, 0xf3, 0xf3, 0xf3, 0xf2, 0xa5, 0x2c, 0xc6,
    0xe4, 0x9f, 0xf6, 0xdb, 0xe5, 0xa9, 0x30, 0x02, 0x00, 0x00, 0x00, 0x00, 0x00, 0x00, 0x00, 0x00,
    0x00, 0x00, 0x00, 0x00, 0x00, 0x00, 0x00, 0x00, 0x00, 0x00, 0x00, 0x00, 0x01, 0x01, 0x00, 0x00,
    0x00, 0x02, 0x44, 0xf7, 0xf3, 0xf3, 0xf8, 0x6c, 0xf8, 0xf3, 0xf3, 0xf3, 0xf3, 0xf3, 0xf3, 0xf3,
    0xf4, 0x85, 0x4d, 0x61, 0x0e, 0x6b, 0xfb, 0x81, 0xda, 0x8d, 0x08, 0x01, 0x00, 0x00, 0x00, 0x00,
    0x00, 0x00, 0x00, 0x00, 0x00, 0x00, 0x00, 0x00, 0x00, 0x00, 0x00, 0x00, 0x00, 0x00, 0x00, 0x00,
    0x00, 0x00, 0x00, 0x00, 0x00, 0x01, 0x0d, 0xec, 0xf3, 0xf3, 0xf7, 0x6e, 0xf7, 0xf3, 0xf3, 0xf3,
    0xf3, 0xf3, 0xf3, 0xf3, 0xf7, 0x62, 0x01, 0x01, 0x02, 0xa2, 0xf5, 0x7f, 0xac, 0x48, 0x01, 0x00,
    0x00, 0x00, 0x00, 0x00, 0x00, 0x00, 0x00, 0x00, 0x00, 0x00, 0x00, 0x00, 0x00, 0x00, 0x00, 0x00,
    0x00, 0x00, 0x00, 0x00, 0x00, 0x00, 0x00, 0x00, 0x00, 0x00, 0x02, 0xaa, 0xf2, 0xf3, 0xf6, 0x71,
    0xf8, 0xf3, 0xf3, 0xf3, 0xf3, 0xf3, 0xf3, 0xf3, 0xf7, 0x42, 0x02, 0x00, 0x02, 0xbe, 0xc9, 0x87,
    0x27, 0x01, 0x00, 0x00, 0x00, 0x00, 0x00, 0x00, 0x00, 0x00, 0x00, 0x00, 0x00, 0x00, 0x00, 0x00,
    0x00, 0x00, 0x00, 0x00, 0x00, 0x00, 0x00, 0x00, 0x00, 0x00, 0x00, 0x00, 0x00, 0x00, 0x01, 0x52,
    0xf7, 0xf3, 0xf1, 0x80, 0xf6, 0xf3, 0xf3, 0xf3, 0xf3, 0xf3, 0xf3, 0xf3, 0xf6, 0x27, 0x02, 0x00,
    0x01, 0xd3, 0x5e, 0x04, 0x00, 0x00, 0x00, 0x00, 0x00, 0x00, 0x00, 0x00, 0x00, 0x00, 0x00, 0x00,
    0x00, 0x00, 0x00, 0x00, 0x00, 0x00, 0x00, 0x00, 0x00, 0x00, 0x00, 0x00, 0x00, 0x00, 0x00, 0x00,
    0x00, 0x00, 0x01, 0x0c, 0xe8, 0xf2, 0xe7, 0x85, 0xf4, 0xf3, 0xf3, 0xf3, 0xf3, 0xf3, 0xf3, 0xf2,
    0xec, 0x09, 0x01, 0x00, 0x01, 0x9d, 0x06, 0x01, 0x00, 0x00, 0x00, 0x00, 0x00, 0x00, 0x00, 0x00,
    0x00, 0x00, 0x00, 0x00, 0x00, 0x00, 0x00, 0x00, 0x00, 0x00, 0x00, 0x00, 0x00, 0x00, 0x00, 0x00,
    0x00, 0x00, 0x00, 0x00, 0x00, 0x00, 0x00, 0x01, 0x86, 0xf2, 0xda, 0x84, 0xf4, 0xf3, 0xf3, 0xf3,
    0xf3, 0xf3, 0xf3, 0xf2, 0xcf, 0x26, 0x16, 0x00, 0x00, 0x01, 0x00, 0x00, 0x00, 0x00, 0x00, 0x00,
    0x00, 0x00, 0x00, 0x00, 0x00, 0x00, 0x00, 0x00, 0x00, 0x00, 0x00, 0x00, 0x00, 0x00, 0x00, 0x00,
    0x00, 0x00, 0x00, 0x00, 0x00, 0x00, 0x00, 0x00, 0x00, 0x00, 0x00, 0x01, 0x13, 0xe4, 0xce, 0x90,
    0xf3, 0xf3, 0xf3, 0xf3, 0xf3, 0xf3, 0xf3, 0xf2, 0xa4, 0xae, 0x91, 0x01, 0x00, 0x00, 0x00, 0x00,
    0x00, 0x00, 0x00, 0x00, 0x00, 0x00, 0x00, 0x00, 0x00, 0x00, 0x00, 0x00, 0x00, 0x00, 0x00, 0x00,
    0x00, 0x00, 0x00, 0x00, 0x00, 0x00, 0x00, 0x00, 0x00, 0x00, 0x00, 0x00, 0x00, 0x00, 0x00, 0x00,
    0x02, 0x58, 0xc8, 0x94, 0xf3, 0xf3, 0xf3, 0xf3, 0xf3, 0xf3, 0xf3, 0xf5, 0x77, 0xd8, 0xd8, 0x01,
    0x00, 0x00, 0x00, 0x00, 0x00, 0x00, 0x00, 0x00, 0x00, 0x00, 0x00, 0x00, 0x00, 0x00, 0x00, 0x00,
    0x00, 0x00, 0x00, 0x00, 0x00, 0x00, 0x00, 0x00, 0x00, 0x00, 0x00, 0x00, 0x00, 0x00, 0x00, 0x00,
    0x00, 0x00, 0x00, 0x00, 0x00, 0x02, 0x92, 0x94, 0xf3, 0xf3, 0xf3, 0xf3, 0xf3, 0xf3, 0xf3, 0xf7,
    0x57, 0xf5, 0xb9, 0x03, 0x00, 0x00, 0x00, 0x00, 0x00, 0x00, 0x00, 0x00, 0x00, 0x00, 0x00, 0x00,
    0x00, 0x00, 0x00, 0x00, 0x00, 0x00, 0x00, 0x00, 0x00, 0x00, 0x00, 0x00, 0x00, 0x00, 0x00, 0x00,
    0x00, 0x00, 0x00, 0x00, 0x00, 0x00, 0x00, 0x00, 0x00, 0x00, 0x08, 0x9d, 0xf3, 0xf3, 0xf3, 0xf3,
    0xf3, 0xf3, 0xf3, 0xf5, 0x53, 0xfc, 0x5c, 0x00, 0x00, 0x00, 0x00, 0x00, 0x00, 0x00, 0x00, 0x00,
    0x00, 0x00, 0x00, 0x00, 0x00, 0x00, 0x00, 0x00, 0x00, 0x00, 0x00, 0x00, 0x00, 0x00, 0x00, 0x00,
    0x00, 0x00, 0x00, 0x00, 0x00, 0x00, 0x00, 0x00, 0x00, 0x00, 0x00, 0x00, 0x00, 0x00, 0x02, 0xa3,
    0xf3, 0xf3, 0xf3, 0xf3, 0xf3, 0xf3, 0xf2, 0xd8, 0x78, 0xf4, 0xa5, 0x02, 0x00, 0x00, 0x00, 0x00,
    0x00, 0x00, 0x00, 0x00, 0x00, 0x00, 0x00, 0x00, 0x00, 0x00, 0x00, 0x00, 0x00, 0x00, 0x00, 0x00,
    0x00, 0x00, 0x00, 0x00, 0x00, 0x00, 0x00, 0x00, 0x00, 0x00, 0x00, 0x00, 0x00, 0x00, 0x00, 0x00,
    0x00, 0x00, 0x02, 0x98, 0xf3, 0xf3, 0xf3, 0xf3, 0xf3, 0xf3, 0xf2, 0xa2, 0xaf, 0xf1, 0xf4, 0x33,
    0x01, 0x00, 0x00, 0x00, 0x00, 0x00, 0x00, 0x00, 0x00, 0x00, 0x00, 0x00, 0x00, 0x00, 0x00, 0x00,
    0x00, 0x00, 0x00, 0x00, 0x00, 0x00, 0x00, 0x00, 0x00, 0x00, 0x00, 0x00, 0x00, 0x00, 0x00, 0x00,
    0x00, 0x00, 0x00, 0x00, 0x00, 0x00, 0x01, 0x84, 0xf4, 0xf3, 0xf3, 0xf3, 0xf3, 0xf3, 0xf6, 0x6b,
    0xe6, 0xf2, 0xf7, 0x4d, 0x02, 0x00, 0x00, 0x00, 0x00, 0x00, 0x00, 0x00, 0x00, 0x00, 0x00, 0x00,
    0x00, 0x00, 0x00, 0x00, 0x00, 0x00, 0x00, 0x00, 0x00, 0x00, 0x00, 0x00, 0x00, 0x00, 0x00, 0x00,
    0x00, 0x00, 0x00, 0x00, 0x00, 0x00, 0x00, 0x00, 0x00, 0x00, 0x01, 0x80, 0xf4, 0xf3, 0xf3, 0xf3,
    0xf3, 0xf3, 0xf7, 0x52, 0xf8, 0xf3, 0xf8, 0x4d, 0x02, 0x00, 0x00, 0x00, 0x00, 0x00, 0x00, 0x00,
    0x00, 0x00, 0x00, 0x00, 0x00, 0x00, 0x00, 0x00, 0x00, 0x00, 0x00, 0x00, 0x00, 0x00, 0x00, 0x00,
    0x00, 0x00, 0x00, 0x00, 0x00, 0x00, 0x00, 0x00, 0x00, 0x00, 0x00, 0x00, 0x00, 0x00, 0x01, 0x78,
    0xf5, 0xf3, 0xf3, 0xf3, 0xf3, 0xf2, 0xe1, 0x52, 0xf7, 0xf3, 0xf8, 0x4c, 0x02, 0x00, 0x00, 0x00,
    0x00, 0x00, 0x00, 0x00, 0x00, 0x00, 0x00, 0x00, 0x00, 0x00, 0x00, 0x00, 0x00, 0x00, 0x00, 0x00,
    0x00, 0x00, 0x00, 0x00, 0x00, 0x00, 0x00, 0x00, 0x00, 0x00, 0x00, 0x00, 0x00, 0x00, 0x00, 0x00,
    0x00, 0x00, 0x01, 0x69, 0xf6, 0xf3, 0xf3, 0xf3, 0xf3, 0xf3, 0xa0, 0x0c, 0xe6, 0xf2, 0xf7, 0x2d,
    0x02, 0x00, 0x00, 0x00, 0x00, 0x00, 0x00, 0x00, 0x00, 0x00, 0x00, 0x00, 0x00, 0x00, 0x00, 0x00,
    0x00, 0x00, 0x00, 0x00, 0x00, 0x00, 0x00, 0x00, 0x00, 0x00, 0x00, 0x00, 0x00, 0x00, 0x00, 0x00,
    0x00, 0x00, 0x00, 0x00, 0x00, 0x00, 0x01, 0x5b, 0xf7, 0xf3, 0xf3, 0xf3, 0xf3, 0xf7, 0x4e, 0x02,
    0x7d, 0xf2, 0xd6, 0x05, 0x00, 0x00, 0x00, 0x00, 0x00, 0x00, 0x00, 0x00, 0x00, 0x00, 0x00, 0x00,
    0x00, 0x00, 0x00, 0x00, 0x00, 0x00, 0x00, 0x00, 0x00, 0x00, 0x00, 0x00, 0x00, 0x00, 0x00, 0x00,
    0x00, 0x00, 0x00, 0x00, 0x00, 0x00, 0x00, 0x00, 0x00, 0x00, 0x02, 0x4e, 0xf7, 0xf3, 0xf3, 0xf3,
    0xf2, 0xeb, 0x0c, 0x01, 0x0a, 0xbd, 0x41, 0x01, 0x00, 0x00, 0x00, 0x00, 0x00, 0x00, 0x00, 0x00,
    0x00, 0x00, 0x00, 0x00, 0x00, 0x00, 0x00, 0x00, 0x00, 0x00, 0x00, 0x00, 0x00, 0x00, 0x00, 0x00,
    0x00, 0x00, 0x00, 0x00, 0x00, 0x00, 0x00, 0x00, 0x00, 0x00, 0x00, 0x00, 0x00, 0x00, 0x02, 0x47,
    0xf7, 0xf3, 0xf3, 0xf3, 0xf1, 0xab, 0x02, 0x00, 0x00, 0x01, 0x01, 0x00, 0x00, 0x00, 0x00, 0x00,
    0x00, 0x00, 0x00, 0x00, 0x00, 0x00, 0x00, 0x00, 0x00, 0x00, 0x00, 0x00, 0x00, 0x00, 0x00, 0x00,
    0x00, 0x00, 0x00, 0x00, 0x00, 0x00, 0x00, 0x00, 0x00, 0x00, 0x00, 0x00, 0x00, 0x00, 0x00, 0x00,
    0x00, 0x00, 0x02, 0x39, 0xf7, 0xf3, 0xf3, 0xf6, 0xea, 0x58, 0x06, 0x00, 0x00, 0x00, 0x00, 0x00,
    0x00, 0x00, 0x00, 0x00, 0x00, 0x00, 0x00, 0x00, 0x00, 0x00, 0x00, 0x00, 0x00, 0x00, 0x00, 0x00,
    0x00, 0x00, 0x00, 0x00, 0x00, 0x00, 0x00, 0x00, 0x00, 0x00, 0x00, 0x00, 0x00, 0x00, 0x00, 0x00,
    0x00, 0x00, 0x00, 0x00, 0x00, 0x00, 0x02, 0x1c, 0x82, 0xa0, 0xa1, 0x8c, 0x90, 0xec, 0x41, 0x02,
    0x00, 0x00, 0x00, 0x00, 0x00, 0x00, 0x00, 0x00, 0x00, 0x00, 0x00, 0x00, 0x00, 0x00, 0x00, 0x00,
    0x00, 0x00, 0x00, 0x00, 0x00, 0x00, 0x00, 0x00, 0x00, 0x00, 0x00, 0x00, 0x00, 0x00, 0x00, 0x00,
    0x00, 0x00, 0x00, 0x00, 0x00, 0x00, 0x00, 0x00, 0x00, 0x02, 0x47, 0xe9, 0xe6, 0xda, 0xde, 0xf2,
    0xd3, 0xe7, 0x2f, 0x01, 0x00, 0x00, 0x00, 0x00, 0x00, 0x00, 0x00, 0x00, 0x00, 0x00, 0x00, 0x00,
    0x00, 0x00, 0x00, 0x00, 0x00, 0x00, 0x00, 0x00, 0x00, 0x00, 0x00, 0x00, 0x00, 0x00, 0x00, 0x00,
    0x00, 0x00, 0x00, 0x00, 0x00, 0x00, 0x00, 0x00, 0x00, 0x00, 0x00, 0x00, 0x01, 0x52, 0xf3, 0xf2,
    0xf2, 0xf2, 0xf4, 0x84, 0x17, 0x1a, 0x01, 0x00, 0x00, 0x00, 0x00, 0x00, 0x00, 0x00, 0x00, 0x00,
    0x00, 0x00, 0x00, 0x00, 0x00, 0x00, 0x00, 0x00, 0x00, 0x00, 0x00, 0x00, 0x00, 0x00, 0x00, 0x00,
    0x00, 0x00, 0x00, 0x00, 0x00, 0x00, 0x00, 0x00, 0x00, 0x00, 0x00, 0x00, 0x00, 0x00, 0x00, 0x01,
    0x30, 0xef, 0xf2, 0xf3, 0xf2, 0xf1, 0x6c, 0x02, 0x01, 0x01, 0x00, 0x00, 0x00, 0x00, 0x00, 0x00,
    0x00, 0x00, 0x00, 0x00, 0x00, 0x00, 0x00, 0x00, 0x00, 0x00, 0x00, 0x00, 0x00, 0x00, 0x00, 0x00,
    0x00, 0x00, 0x00, 0x00, 0x00, 0x00, 0x00, 0x00, 0x00, 0x00, 0x00, 0x00, 0x00, 0x00, 0x00, 0x00,
    0x00, 0x00, 0x00, 0x05, 0xd8, 0xf7, 0xf8, 0xec, 0xa4, 0x29, 0x02, 0x00, 0x00, 0x00, 0x00, 0x00,
    0x00, 0x00, 0x00, 0x00, 0x00, 0x00, 0x00, 0x00, 0x00, 0x00, 0x00, 0x00, 0x00, 0x00, 0x00, 0x00,
    0x00, 0x00, 0x00, 0x00, 0x00, 0x00, 0x00, 0x00, 0x00, 0x00, 0x00, 0x00, 0x00, 0x00, 0x00, 0x00,
    0x00, 0x00, 0x00, 0x00, 0x00, 0x00, 0x00, 0x00, 0x2c, 0x49, 0x45, 0x11, 0x00, 0x01, 0x00, 0x00,
    0x00, 0x00, 0x00, 0x00, 0x00, 0x00, 0x00, 0x00, 0x00, 0x00, 0x00, 0x00, 0x00, 0x00, 0x00, 0x00,
    0x00, 0x00, 0x00, 0x00, 0x00, 0x00, 0x00, 0x00, 0x00, 0x00, 0x00, 0x00, 0x00, 0x00, 0x00, 0x00,
    0x00, 0x00, 0x00, 0x00, 0x00, 0x00, 0x00, 0x00, 0x00, 0x00, 0x00, 0x00, 0x00, 0x00, 0x00, 0x00,
    0x00, 0x00, 0x00, 0x00, 0x00, 0x00, 0x00, 0x00, 0x00, 0x00, 0x00, 0x00, 0x00, 0x00, 0x00, 0x00,
    0x00, 0x00, 0x00, 0x00, 0x00, 0x00, 0x00, 0x00, 0x00, 0x00, 0x00, 0x00,
};

const lv_image_dsc_t pipboy_frame_1 = {
    .header = {
        .magic = LV_IMAGE_HEADER_MAGIC,
        .cf = LV_COLOR_FORMAT_A8,
        .flags = 0,
        .w = 52,
        .h = 75,
        .stride = 52,
        .reserved_2 = 0,
    },
    .data_size = sizeof(pipboy_frame_1_map),
    .data = pipboy_frame_1_map,
    .reserved = NULL,
};

const LV_ATTRIBUTE_MEM_ALIGN LV_ATTRIBUTE_LARGE_CONST uint8_t pipboy_frame_2_map[] = {
    0x00, 0x00, 0x00, 0x00, 0x00, 0x00, 0x00, 0x00, 0x00, 0x00, 0x00, 0x00, 0x00, 0x00, 0x00, 0x00,
    0x00, 0x00, 0x00, 0x00, 0x00, 0x00, 0x00, 0x00, 0x00, 0x00, 0x00, 0x00, 0x00, 0x00, 0x00, 0x00,
    0x00, 0x00, 0x00, 0x00, 0x00, 0x00, 0x00, 0x00, 0x00, 0x00, 0x00, 0x00, 0x00, 0x00, 0x00, 0x00,
    0x00, 0x00, 0x00, 0x00, 0x00, 0x00, 0x00, 0x00, 0x00, 0x00, 0x00, 0x00, 0x00, 0x00, 0x00, 0x00,
    0x00, 0x00, 0x00, 0x00, 0x00, 0x00, 0x00, 0x00, 0x00, 0x00, 0x00, 0x01, 0x01, 0x00, 0x00, 0x00,
    0x00, 0x00, 0x00, 0x00, 0x00, 0x00, 0x00, 0x00, 0x00, 0x00, 0x00, 0x00, 0x00, 0x00, 0x00, 0x00,
    0x00, 0x00, 0x00, 0x00, 0x00, 0x00, 0x00, 0x00, 0x00, 0x00, 0x00, 0x00, 0x00, 0x00, 0x00, 0x00,
    0x00, 0x00, 0x00, 0x00, 0x00, 0x00, 0x00, 0x00, 0x00, 0x00, 0x00, 0x00, 0x00, 0x00, 0x01, 0x3a,
    0x3c, 0x01, 0x01, 0x02, 0x01, 0x00, 0x00, 0x00, 0x00, 0x00, 0x00, 0x00, 0x00, 0x00, 0x00, 0x00,
    0x00, 0x00, 0x00, 0x00, 0x00, 0x00, 0x00, 0x00, 0x00, 0x00, 0x00, 0x00, 0x00, 0x00, 0x00, 0x00,
    0x00, 0x00, 0x00, 0x00, 0x00, 0x00, 0x00, 0x00, 0x00, 0x00, 0x00, 0x00, 0x00, 0x00, 0x00, 0x01,
    0x01, 0x02, 0x38, 0xf7, 0xf8, 0xba, 0x56, 0x41, 0x09, 0x01, 0x00, 0x00, 0x00, 0x00, 0x00, 0x00,
    0x00, 0x00, 0x00, 0x00, 0x00, 0x00, 0x00, 0x00, 0x00, 0x00, 0x00, 0x00, 0x00, 0x00, 0x00, 0x00,
    0x00, 0x00, 0x00, 0x00, 0x00, 0x00, 0x00, 0x00, 0x00, 0x00, 0x00, 0x00, 0x00, 0x00, 0x00, 0x01,
    0x00, 0x01, 0x02, 0x80, 0xe3, 0xb4, 0xe3, 0xf2, 0xf3, 0xf2, 0xf8, 0xf7, 0xba, 0x18, 0x01, 0x00,
    0x00, 0x00, 0x00, 0x00, 0x00, 0x00, 0x00, 0x00, 0x00, 0x00, 0x00, 0x00, 0x00, 0x00, 0x00, 0x00,
    0x00, 0x00, 0x00, 0x00, 0x00, 0x00, 0x00, 0x00, 0x00, 0x00, 0x00, 0x00, 0x00, 0x00, 0x00, 0x00,
    0x00, 0x01, 0x28, 0x72, 0x02, 0x08, 0x8c, 0xf6, 0xf2, 0xf0, 0xf1, 0xf7, 0xf2, 0xf5, 0xf3, 0xf3,
    0xf2, 0xe5, 0x37, 0x01, 0x00, 0x00, 0x00, 0x00, 0x00, 0x00, 0x00, 0x00, 0x00, 0x00, 0x00, 0x00,
    0x00, 0x00, 0x00, 0x00, 0x00, 0x00, 0x00, 0x00, 0x00, 0x00, 0x00, 0x00, 0x00, 0x00, 0x00, 0x00,
    0x00, 0x00, 0x00, 0x00, 0x00, 0x01, 0x5a, 0xf9, 0xca, 0xd9, 0xf0, 0x7c, 0x84, 0xd4, 0xd2, 0x5f,
    0x18, 0x94, 0xf6, 0xf6, 0xe3, 0xe9, 0xed, 0x43, 0x01, 0x00, 0x00, 0x00, 0x00, 0x00, 0x00, 0x00,
    0x00, 0x00, 0x00, 0x00, 0x00, 0x00, 0x00, 0x00, 0x00, 0x00, 0x00, 0x00, 0x00, 0x00, 0x00, 0x00,
    0x00, 0x00, 0x00, 0x00, 0x00, 0x00, 0x00, 0x00, 0x00, 0x02, 0x4c, 0xf7, 0xef, 0xf5, 0x66, 0xc0,
    0xca, 0x95, 0xb1, 0xef, 0xea, 0x77, 0x83, 0x75, 0x88, 0x54, 0x6d, 0xf9, 0x3e, 0x01, 0x00, 0x00,
    0x00, 0x00, 0x00, 0x00, 0x00, 0x00, 0x00, 0x00, 0x00, 0x00, 0x00, 0x00, 0x00, 0x00, 0x00, 0x00,
    0x00, 0x00, 0x00, 0x00, 0x00, 0x00, 0x00, 0x00, 0x00, 0x00, 0x00, 0x00, 0x00, 0x00, 0x06, 0x74,
    0xbb, 0x5c, 0xa7, 0xf3, 0xf2, 0xf3, 0xf3, 0xf3, 0xf1, 0xf4, 0xea, 0xf7, 0xf4, 0xf6, 0x22, 0xed,
    0xb3, 0x02, 0x00, 0x00, 0x00, 0x00, 0x00, 0x00, 0x00, 0x00, 0x00, 0x00, 0x00, 0x00, 0x00, 0x00,
    0x00, 0x00, 0x00, 0x00, 0x00, 0x00, 0x00, 0x00, 0x00, 0x00, 0x00, 0x00, 0x00, 0x00, 0x00, 0x00,
    0x00, 0x02, 0x43, 0x91, 0x37, 0xb6, 0xc1, 0xf4, 0xf3, 0xf3, 0xf3, 0xf4, 0xd9, 0xe9, 0xf2, 0xf3,
    0xf3, 0xdd, 0x43, 0xf5, 0xe5, 0x03, 0x01, 0x00, 0x00, 0x00, 0x00, 0x00, 0x00, 0x00, 0x00, 0x00,
    0x00, 0x00, 0x00, 0x00, 0x00, 0x00, 0x00, 0x00, 0x00, 0x00, 0x00, 0x00, 0x00, 0x00, 0x00, 0x00,
    0x00, 0x00, 0x00, 0x00, 0x00, 0x01, 0x19, 0x3a, 0xd2, 0x56, 0x76, 0xf5, 0xf3, 0xf3, 0xf3, 0xf4,
    0x9d, 0x2d, 0xeb, 0xf2, 0xf3, 0x83, 0x80, 0xf5, 0xec, 0x07, 0x01, 0x00, 0x00, 0x00, 0x00, 0x00,
    0x00, 0x00, 0x00, 0x00, 0x00, 0x00, 0x00, 0x00, 0x00, 0x00, 0x00, 0x00, 0x00, 0x00, 0x00, 0x00,
    0x00, 0x00, 0x00, 0x00, 0x00, 0x00, 0x00, 0x00, 0x00, 0x00, 0x01, 0x65, 0xf7, 0xdd, 0xf6, 0xf3,
    0xf4, 0xf5, 0xf3, 0xf3, 0xf5, 0xe0, 0xed, 0xf3, 0xf3, 0x9f, 0x7c, 0x70, 0xe4, 0x03, 0x01, 0x00,
    0x00, 0x00, 0x00, 0x00, 0x00, 0x00, 0x00, 0x00, 0x00, 0x00, 0x00, 0x00, 0x00, 0x00, 0x00, 0x00,
    0x00, 0x00, 0x00, 0x00, 0x00, 0x00, 0x00, 0x00, 0x00, 0x00, 0x00, 0x00, 0x00, 0x00, 0x01, 0xd3,
    0xf5, 0x2f, 0xc4, 0xf1, 0xa9, 0xb1, 0xf1, 0xe8, 0x1e, 0xec, 0xf2, 0xf3, 0xf3, 0xd0, 0x76, 0x7f,
    0x5e, 0x01, 0x00, 0x00, 0x00, 0x00, 0x00, 0x00, 0x00, 0x00, 0x00, 0x00, 0x00, 0x00, 0x00, 0x00,
    0x00, 0x00, 0x00, 0x00, 0x00, 0x00, 0x00, 0x00, 0x00, 0x00, 0x00, 0x00, 0x00, 0x00, 0x00, 0x00,
    0x00, 0x01, 0x08, 0xea, 0xf5, 0x50, 0xd2, 0xe8, 0x35, 0xeb, 0xf1, 0xd8, 0x02, 0xdb, 0xf2, 0xf3,
    0xf5, 0x8c, 0x7c, 0x76, 0x40, 0x01, 0x00, 0x00, 0x00, 0x00, 0x00, 0x00, 0x00, 0x00, 0x00, 0x00,
    0x00, 0x00, 0x00, 0x00, 0x00, 0x00, 0x00, 0x00, 0x00, 0x00, 0x00, 0x00, 0x00, 0x00, 0x00, 0x00,
    0x00, 0x00, 0x00, 0x00, 0x00, 0x01, 0x14, 0xf0, 0xf2, 0xf7, 0xf6, 0x60, 0xc1, 0xf3, 0xf3, 0xf4,
    0xb7, 0xf3, 0xf3, 0xf3, 0xf4, 0xaa, 0x9d, 0x97, 0x0b, 0x00, 0x00, 0x00, 0x00, 0x00, 0x00, 0x00,
    0x00, 0x00, 0x00, 0x00, 0x00, 0x00, 0x00, 0x00, 0x00, 0x00, 0x00, 0x00, 0x00, 0x00, 0x00, 0x00,
    0x00, 0x00, 0x00, 0x00, 0x00, 0x00, 0x00, 0x00, 0x00, 0x02, 0x1c, 0xf4, 0xf3, 0xf3, 0xf1, 0x3c,
    0xf1, 0xf3, 0xf3, 0xf3, 0xf1, 0xf3, 0xf3, 0xf3, 0xf3, 0xf5, 0xef, 0xdb, 0x0b, 0x01, 0x00, 0x00,
    0x00, 0x00, 0x00, 0x00, 0x00, 0x00, 0x00, 0x00, 0x00, 0x00, 0x00, 0x00, 0x00, 0x00, 0x00, 0x00,
    0x00, 0x00, 0x00, 0x00, 0x00, 0x00, 0x00, 0x00, 0x00, 0x00, 0x00, 0x00, 0x00, 0x01, 0x07, 0xea,
    0xf3, 0xf4, 0xf4, 0xac, 0xcb, 0xf2, 0xf2, 0xf0, 0xf1, 0xf2, 0xf3, 0xf3, 0xf3, 0xf3, 0xf3, 0xf7,
    0x3e, 0x02, 0x00, 0x00, 0x00, 0x00, 0x00, 0x00, 0x00, 0x00, 0x00, 0x00, 0x00, 0x00, 0x00, 0x00,
    0x00, 0x00, 0x00, 0x00, 0x00, 0x00, 0x00, 0x00, 0x00, 0x00, 0x00, 0x00, 0x00, 0x00, 0x00, 0x00,
    0x00, 0x00, 0x02, 0xc9, 0xc3, 0xb5, 0xef, 0xf6, 0xf7, 0xef, 0xd3, 0xa0, 0x48, 0xe7, 0xf3, 0xf3,
    0xf3, 0xf3, 0xf4, 0xf9, 0x23, 0x01, 0x00, 0x00, 0x00, 0x00, 0x00, 0x00, 0x00, 0x00, 0x00, 0x00,
    0x00, 0x00, 0x00, 0x00, 0x00, 0x00, 0x00, 0x00, 0x00, 0x00, 0x00, 0x00, 0x00, 0x00, 0x00, 0x00,
    0x00, 0x00, 0x00, 0x00, 0x00, 0x00, 0x01, 0x7b, 0x52, 0x75, 0x9d, 0xab, 0xa7, 0xa1, 0xbb, 0xcf,
    0x42, 0x8a, 0xf3, 0xf3, 0xf2, 0xe0, 0x87, 0x52, 0x01, 0x00, 0x00, 0x00, 0x00, 0x00, 0x00, 0x00,
    0x00, 0x00, 0x00, 0x00, 0x00, 0x00, 0x00, 0x00, 0x00, 0x00, 0x00, 0x00, 0x00, 0x00, 0x00, 0x00,
    0x00, 0x00, 0x00, 0x00, 0x00, 0x00, 0x00, 0x00, 0x00, 0x00, 0x01, 0x0f, 0xd3, 0xcd, 0x91, 0x86,
    0x91, 0x8e, 0x6b, 0x81, 0xe4, 0xdf, 0xf3, 0xf3, 0xf5, 0x65, 0x02, 0x01, 0x00, 0x00, 0x00, 0x00,
    0x00, 0x00, 0x00, 0x00, 0x00, 0x00, 0x00, 0x00, 0x00, 0x00, 0x00, 0x00, 0x00, 0x00, 0x00, 0x00,
    0x00, 0x00, 0x00, 0x00, 0x00, 0x00, 0x00, 0x00, 0x00, 0x00, 0x00, 0x00, 0x00, 0x00, 0x00, 0x01,
    0x4f, 0xf5, 0xf5, 0xf6, 0xea, 0xe7, 0xf4, 0xf5, 0xf2, 0xf2, 0xf3, 0xf4, 0x9e, 0x04, 0x01, 0x00,
    0x00, 0x00, 0x00, 0x00, 0x00, 0x00, 0x00, 0x00, 0x00, 0x00, 0x00, 0x00, 0x00, 0x00, 0x00, 0x00,
    0x00, 0x00, 0x00, 0x00, 0x00, 0x00, 0x00, 0x00, 0x00, 0x00, 0x00, 0x00, 0x00, 0x00, 0x00, 0x00,
    0x00, 0x00, 0x00, 0x00, 0x02, 0x6d, 0xf2, 0xf2, 0xf2, 0xf3, 0xf3, 0xf3, 0xf3, 0xf3, 0xf4, 0x9f,
    0x4e, 0xaa, 0x0e, 0x01, 0x00, 0x00, 0x00, 0x00, 0x00, 0x00, 0x00, 0x00, 0x00, 0x00, 0x00, 0x00,
    0x00, 0x00, 0x00, 0x00, 0x00, 0x00, 0x00, 0x00, 0x00, 0x00, 0x00, 0x00, 0x00, 0x00, 0x00, 0x00,
    0x00, 0x00, 0x00, 0x00, 0x00, 0x00, 0x00, 0x00, 0x00, 0x02, 0x2e, 0xa2, 0xee, 0xf6, 0xf2, 0xf2,
    0xf3, 0xf4, 0xd0, 0xc0, 0x67, 0xfb, 0x65, 0x0a, 0x01, 0x00, 0x00, 0x00, 0x00, 0x00, 0x00, 0x00,
    0x00, 0x00, 0x00, 0x00, 0x00, 0x00, 0x00, 0x00, 0x00, 0x00, 0x00, 0x00, 0x00, 0x00, 0x00, 0x00,
    0x00, 0x00, 0x00, 0x00, 0x00, 0x00, 0x00, 0x00, 0x00, 0x00, 0x00, 0x00, 0x00, 0x01, 0xbc, 0xaf,
    0x48, 0x5f, 0xa8, 0xc1, 0xf2, 0xf7, 0xd0, 0x4c, 0xe5, 0xe9, 0x1c, 0xca, 0x0e, 0x01, 0x00, 0x00,
    0x00, 0x00, 0x00, 0x00, 0x00, 0x00, 0x00, 0x00, 0x00, 0x00, 0x00, 0x00, 0x00, 0x00, 0x00, 0x00,
    0x00, 0x00, 0x00, 0x00, 0x00, 0x00, 0x00, 0x00, 0x00, 0x00, 0x00, 0x00, 0x00, 0x00, 0x00, 0x00,
    0x01, 0x3f, 0x6a, 0xf4, 0xf0, 0x8e, 0x3d, 0x54, 0x85, 0x4f, 0x64, 0xe8, 0xf4, 0x56, 0x8a, 0xf5,
    0x95, 0x02, 0x00, 0x00, 0x00, 0x00, 0x00, 0x00, 0x00, 0x00, 0x00, 0x00, 0x00, 0x00, 0x00, 0x00,
    0x00, 0x00, 0x00, 0x00, 0x00, 0x00, 0x00, 0x00, 0x00, 0x00, 0x00, 0x00, 0x00, 0x00, 0x00, 0x00,
    0x00, 0x00, 0x00, 0x01, 0x09, 0xd7, 0xad, 0x45, 0xda, 0xf3, 0xf5, 0xd2, 0xc1, 0xe8, 0xfa, 0xe3,
    0x4a, 0x75, 0xf5, 0xf3, 0xf6, 0x4d, 0x02, 0x00, 0x00, 0x00, 0x00, 0x00, 0x00, 0x00, 0x00, 0x00,
    0x00, 0x00, 0x00, 0x00, 0x00, 0x00, 0x00, 0x00, 0x00, 0x00, 0x00, 0x00, 0x00, 0x00, 0x00, 0x00,
    0x00, 0x00, 0x00, 0x00, 0x00, 0x00, 0x00, 0x01, 0x80, 0xf5, 0xf2, 0xb1, 0x8c, 0xf3, 0xf3, 0xf1,
    0xd6, 0x75, 0x56, 0x40, 0xa3, 0xf5, 0xf3, 0xf3, 0xf2, 0xe4, 0x17, 0x01, 0x00, 0x00, 0x00, 0x00,
    0x00, 0x00, 0x00, 0x00, 0x00, 0x00, 0x00, 0x00, 0x00, 0x00, 0x00, 0x00, 0x00, 0x00, 0x00, 0x00,
    0x00, 0x00, 0x00, 0x00, 0x00, 0x00, 0x00, 0x00, 0x00, 0x00, 0x01, 0x15, 0xec, 0xf3, 0xf2, 0x95,
    0xae, 0xf1, 0xf3, 0xf4, 0x82, 0x94, 0xe2, 0xf8, 0xf3, 0xf3, 0xf3, 0xf3, 0xf3, 0xf3, 0xaa, 0x02,
    0x00, 0x00, 0x00, 0x00, 0x00, 0x00, 0x00, 0x00, 0x00, 0x00, 0x00, 0x00, 0x00, 0x00, 0x00, 0x00,
    0x00, 0x00, 0x00, 0x00, 0x00, 0x00, 0x00, 0x00, 0x00, 0x00, 0x00, 0x00, 0x00, 0x00, 0x01, 0x72,
    0xf5, 0xf3, 0xf3, 0x87, 0xbe, 0xf1, 0xf3, 0xf7, 0x60, 0xe9, 0xf2, 0xf3, 0xf3, 0xf3, 0xf3, 0xf3,
    0xf3, 0xf3, 0xf7, 0x45, 0x02, 0x00, 0x00, 0x00, 0x00, 0x00, 0x00, 0x00, 0x00, 0x00, 0x00, 0x00,
    0x00, 0x00, 0x00, 0x00, 0x00, 0x00, 0x00, 0x00, 0x00, 0x00, 0x00, 0x00, 0x00, 0x00, 0x00, 0x00,
    0x00, 0x00, 0x02, 0xcf, 0xe8, 0xf3, 0xf5, 0x79, 0xd2, 0xf2, 0xf3, 0xf8, 0x60, 0xf5, 0xf3, 0xf3,
    0xf3, 0xf3, 0xf3, 0xf3, 0xf3, 0xf3, 0xf2, 0xca, 0x04, 0x00, 0x00, 0x00, 0x00, 0x00, 0x00, 0x00,
    0x00, 0x00, 0x00, 0x00, 0x00, 0x00, 0x00, 0x00, 0x00, 0x00, 0x00, 0x00, 0x00, 0x00, 0x00, 0x00,
    0x00, 0x00, 0x00, 0x00, 0x00, 0x02, 0x31, 0xbd, 0xc8, 0xf2, 0xf7, 0x6b, 0xe1, 0xf2, 0xf3, 0xf8,
    0x5f, 0xf8, 0xf3, 0xf3, 0xf3, 0xf3, 0xf3, 0xf3, 0xf3, 0xf3, 0xf3, 0xf6, 0x51, 0x01, 0x00, 0x00,
    0x00, 0x00, 0x00, 0x00, 0x00, 0x00, 0x00, 0x00, 0x00, 0x00, 0x00, 0x00, 0x00, 0x00, 0x00, 0x00,
    0x00, 0x00, 0x00, 0x00, 0x00, 0x00, 0x00, 0x00, 0x00, 0x01, 0x81, 0xa2, 0xb4, 0xf2, 0xf7, 0x67,
    0xe4, 0xf2, 0xf3, 0xf8, 0x63, 0xf7, 0xf3, 0xf3, 0xf3, 0xf3, 0xf3, 0xf3, 0xf3, 0xf3, 0xf3, 0xf2,
    0xc7, 0x03, 0x00, 0x00, 0x00, 0x00, 0x00, 0x00, 0x00, 0x00, 0x00, 0x00, 0x00, 0x00, 0x00, 0x00,
    0x00, 0x00, 0x00, 0x00, 0x00, 0x00, 0x00, 0x00, 0x00, 0x00, 0x00, 0x00, 0x00, 0x04, 0xd6, 0xaf,
    0x9d, 0xf2, 0xf7, 0x68, 0xe6, 0xf2, 0xf3, 0xf8, 0x66, 0xf7, 0xf3, 0xf3, 0xf3, 0xf3, 0xf3, 0xf3,
    0xf3, 0xf3, 0xf3, 0xf3, 0xf7, 0x3f, 0x01, 0x00, 0x00, 0x00, 0x00, 0x00, 0x00, 0x00, 0x00, 0x00,
    0x00, 0x00, 0x00, 0x00, 0x00, 0x00, 0x00, 0x00, 0x00, 0x00, 0x00, 0x00, 0x00, 0x00, 0x00, 0x00,
    0x02, 0x3a, 0xf6, 0xd5, 0x89, 0xf4, 0xf7, 0x67, 0xe3, 0xf2, 0xf3, 0xf8, 0x62, 0xf7, 0xf3, 0xf3,
    0xf3, 0xf6, 0xf3, 0xf3, 0xf3, 0xf3, 0xf3, 0xf3, 0xf2, 0xa8, 0x01, 0x00, 0x00, 0x00, 0x00, 0x00,
    0x00, 0x00, 0x00, 0x00, 0x00, 0x00, 0x00, 0x00, 0x00, 0x00, 0x00, 0x00, 0x00, 0x00, 0x00, 0x00,
    0x00, 0x00, 0x00, 0x00, 0x01, 0x8f, 0xf3, 0xf2, 0x6b, 0xf8, 0xf6, 0x6e, 0xdf, 0xf2, 0xf3, 0xf8,
    0x63, 0xf7, 0xf3, 0xf3, 0xf4, 0x7e, 0xf6, 0xf3, 0xf3, 0xf3, 0xf3, 0xf3, 0xf3, 0xef, 0x15, 0x01,
    0x00, 0x00, 0x00, 0x00, 0x00, 0x00, 0x00, 0x00, 0x00, 0x00, 0x00, 0x00, 0x00, 0x00, 0x00, 0x00,
    0x00, 0x00, 0x00, 0x00, 0x00, 0x00, 0x00, 0x00, 0x06, 0xdd, 0xf2, 0xf8, 0x5d, 0xf6, 0xf4, 0x7c,
    0xcf, 0xf2, 0xf3, 0xf8, 0x5c, 0xee, 0xf2, 0xf3, 0xf3, 0xc0, 0x7b, 0xf4, 0xf3, 0xf3, 0xf3, 0xf3,
    0xf3, 0xf7, 0x62, 0x01, 0x00, 0x00, 0x00, 0x00, 0x00, 0x00, 0x00, 0x00, 0x00, 0x00, 0x00, 0x00,
    0x00, 0x00, 0x00, 0x00, 0x00, 0x00, 0x00, 0x00, 0x00, 0x00, 0x00, 0x01, 0x15, 0xf2, 0xf3, 0xf6,
    0x69, 0xdf, 0xf1, 0x8d, 0xc0, 0xf1, 0xf3, 0xf4, 0x7d, 0xcc, 0xf1, 0xf3, 0xf3, 0xf4, 0x8c, 0xb7,
    0xf2, 0xf3, 0xf3, 0xf3, 0xf3, 0xf2, 0xae, 0x02, 0x00, 0x00, 0x00, 0x00, 0x00, 0x00, 0x00, 0x00,
    0x00, 0x00, 0x00, 0x00, 0x00, 0x00, 0x00, 0x00, 0x00, 0x00, 0x00, 0x00, 0x00, 0x00, 0x00, 0x00,
    0x1e, 0xc6, 0xf2, 0xf2, 0x91, 0xaf, 0xef, 0x91, 0xb5, 0xf1, 0xf3, 0xf2, 0xa5, 0x9c, 0xf2, 0xf3,
    0xf3, 0xf2, 0xf4, 0x4e, 0xef, 0xf3, 0xf3, 0xf3, 0xf3, 0xf2, 0xdc, 0x03, 0x00, 0x00, 0x00, 0x00,
    0x00, 0x00, 0x00, 0x00, 0x00, 0x00, 0x00, 0x00, 0x00, 0x00, 0x00, 0x00, 0x00, 0x00, 0x00, 0x00,
    0x00, 0x00, 0x00, 0x02, 0xad, 0x57, 0x9e, 0xef, 0xc0, 0x2f, 0x9e, 0x6c, 0x9f, 0xf2, 0xf3, 0xf2,
    0xe3, 0x68, 0xf5, 0xf3, 0xf7, 0xec, 0x99, 0x35, 0x7c, 0xf5, 0xf3, 0xf3, 0xf3, 0xf3, 0xf1, 0x0c,
    0x01, 0x00, 0x00, 0x00, 0x00, 0x00, 0x00, 0x00, 0x00, 0x00, 0x00, 0x00, 0x00, 0x00, 0x00, 0x00,
    0x00, 0x00, 0x00, 0x00, 0x00, 0x00, 0x00, 0x01, 0xd2, 0xf2, 0x9b, 0x5c, 0x23, 0x7b, 0x97, 0x87,
    0xe7, 0xf3, 0xf3, 0xf3, 0xf7, 0x58, 0xb4, 0x93, 0x56, 0x49, 0x9e, 0xf0, 0x51, 0xf0, 0xf3, 0xf3,
    0xf3, 0xf3, 0xf5, 0x1e, 0x01, 0x00, 0x00, 0x00, 0x00, 0x00, 0x00, 0x00, 0x00, 0x00, 0x00, 0x00,
    0x00, 0x00, 0x00, 0x00, 0x00, 0x00, 0x00, 0x00, 0x00, 0x00, 0x00, 0x02, 0xc0, 0xee, 0xf2, 0xe9,
    0x5d, 0x5c, 0xf7, 0xf2, 0xf3, 0xf3, 0xf3, 0xf3, 0xf3, 0xda, 0x7b, 0xb2, 0xea, 0xf8, 0xf2, 0xf1,
    0x9f, 0xa3, 0xf2, 0xf3, 0xf3, 0xf3, 0xf7, 0x2c, 0x02, 0x00, 0x00, 0x00, 0x00, 0x00, 0x00, 0x00,
    0x00, 0x00, 0x00, 0x00, 0x00, 0x00, 0x00, 0x00, 0x00, 0x00, 0x00, 0x00, 0x00, 0x00, 0x00, 0x01,
    0x73, 0x8d, 0xf6, 0x5f, 0x9e, 0x29, 0x5d, 0xd1, 0xf8, 0xf2, 0xf2, 0xf3, 0xf3, 0xf2, 0xf4, 0xf1,
    0xf2, 0xf2, 0xf8, 0xb5, 0x4e, 0x50, 0xf7, 0xf3, 0xf3, 0xf3, 0xf7, 0x3a, 0x02, 0x00, 0x00, 0x00,
    0x00, 0x00, 0x00, 0x00, 0x00, 0x00, 0x00, 0x00, 0x00, 0x00, 0x00, 0x00, 0x00, 0x00, 0x00, 0x00,
    0x00, 0x00, 0x00, 0x02, 0x59, 0x74, 0xe1, 0xed, 0x30, 0x93, 0xe1, 0x70, 0x51, 0xa8, 0xe9, 0xf7,
    0xf7, 0xf8, 0xf8, 0xf7, 0xf3, 0xad, 0x5b, 0x9a, 0xf4, 0x5d, 0xe0, 0xf1, 0xf2, 0xf4, 0xe6, 0x22,
    0x01, 0x00, 0x00, 0x00, 0x00, 0x00, 0x00, 0x00, 0x00, 0x00, 0x00, 0x00, 0x00, 0x00, 0x00, 0x00,
    0x00, 0x00, 0x00, 0x00, 0x00, 0x00, 0x00, 0x01, 0x09, 0xc9, 0x5d, 0xe4, 0x74, 0xbc, 0xf1, 0xf5,
    0xef, 0xac, 0x6d, 0x55, 0x50, 0x62, 0x69, 0x61, 0x66, 0xa0, 0xf1, 0xf3, 0xf1, 0xba, 0x66, 0xbe,
    0xbe, 0x80, 0x53, 0x4b, 0x00, 0x00, 0x00, 0x00, 0x00, 0x00, 0x00, 0x00, 0x00, 0x00, 0x00, 0x00,
    0x00, 0x00, 0x00, 0x00, 0x00, 0x00, 0x00, 0x00, 0x00, 0x00, 0x00, 0x00, 0x01, 0x30, 0xdd, 0x6d,
    0x2e, 0xd9, 0xf2, 0xf3, 0xf3, 0xf2, 0xf9, 0xa7, 0xef, 0xf3, 0xf5, 0xf7, 0xf8, 0xf2, 0xf3, 0xf2,
    0xf4, 0x97, 0x73, 0x96, 0x9a, 0xc7, 0xf8, 0x77, 0x01, 0x00, 0x00, 0x00, 0x00, 0x00, 0x00, 0x00,
    0x00, 0x00, 0x00, 0x00, 0x00, 0x00, 0x00, 0x00, 0x00, 0x00, 0x00, 0x00, 0x00, 0x00, 0x00, 0x00,
    0x00, 0x01, 0x2e, 0xd5, 0x58, 0xeb, 0xf3, 0xf3, 0xf3, 0xf3, 0xf7, 0x40, 0xed, 0xf2, 0xf3, 0xf3,
    0xf3, 0xf3, 0xf3, 0xec, 0x7a, 0x95, 0xf3, 0xf2, 0xf3, 0xf2, 0xf4, 0x80, 0x01, 0x00, 0x00, 0x00,
    0x00, 0x00, 0x00, 0x00, 0x00, 0x00, 0x00, 0x00, 0x00, 0x00, 0x00, 0x00, 0x00, 0x00, 0x00, 0x00,
    0x00, 0x00, 0x00, 0x00, 0x00, 0x00, 0x01, 0x0a, 0x14, 0xea, 0xf3, 0xf3, 0xf3, 0xf3, 0xf7, 0x45,
    0xf8, 0xf3, 0xf3, 0xf3, 0xf3, 0xf2, 0xe0, 0x59, 0xc5, 0xf0, 0xb9, 0xf5, 0xf5, 0xf4, 0xd9, 0x6b,
    0x00, 0x00, 0x00, 0x00, 0x00, 0x00, 0x00, 0x00, 0x00, 0x00, 0x00, 0x00, 0x00, 0x00, 0x00, 0x00,
    0x00, 0x00, 0x00, 0x00, 0x00, 0x00, 0x00, 0x00, 0x00, 0x00, 0x00, 0x01, 0x05, 0xe9, 0xf3, 0xf3,
    0xf3, 0xf3, 0xf7, 0x4b, 0xf8, 0xf3, 0xf3, 0xf3, 0xf3, 0xf2, 0xe5, 0x64, 0x68, 0x5f, 0x62, 0xfa,
    0x9a, 0xe3, 0x9f, 0x32, 0x02, 0x00, 0x00, 0x00, 0x00, 0x00, 0x00, 0x00, 0x00, 0x00, 0x00, 0x00,
    0x00, 0x00, 0x00, 0x00, 0x00, 0x00, 0x00, 0x00, 0x00, 0x00, 0x00, 0x00, 0x00, 0x00, 0x00, 0x01,
    0x02, 0xdf, 0xf2, 0xf3, 0xf3, 0xf3, 0xf7, 0x42, 0xf8, 0xf3, 0xf3, 0xf3, 0xf3, 0xf3, 0xf3, 0xf8,
    0xf7, 0xa8, 0xb5, 0xf2, 0x8a, 0xb6, 0x8b, 0x02, 0x00, 0x00, 0x00, 0x00, 0x00, 0x00, 0x00, 0x00,
    0x00, 0x00, 0x00, 0x00, 0x00, 0x00, 0x00, 0x00, 0x00, 0x00, 0x00, 0x00, 0x00, 0x00, 0x00, 0x00,
    0x00, 0x00, 0x00, 0x00, 0x02, 0xbd, 0xf1, 0xf3, 0xf3, 0xf3, 0xf7, 0x47, 0xf4, 0xf3, 0xf3, 0xf3,
    0xf3, 0xf3, 0xf3, 0xf3, 0xf7, 0x71, 0xed, 0xae, 0xba, 0x43, 0x1d, 0x01, 0x00, 0x00, 0x00, 0x00,
    0x00, 0x00, 0x00, 0x00, 0x00, 0x00, 0x00, 0x00, 0x00, 0x00, 0x00, 0x00, 0x00, 0x00, 0x00, 0x00,
    0x00, 0x00, 0x00, 0x00, 0x00, 0x00, 0x00, 0x00, 0x01, 0x7c, 0xf5, 0xf3, 0xf3, 0xf3, 0xf7, 0x57,
    0xe6, 0xf2, 0xf3, 0xf3, 0xf3, 0xf3, 0xf3, 0xf3, 0xf7, 0x5a, 0xf4, 0x2b, 0x30, 0x01, 0x00, 0x00,
    0x00, 0x00, 0x00, 0x00, 0x00, 0x00, 0x00, 0x00, 0x00, 0x00, 0x00, 0x00, 0x00, 0x00, 0x00, 0x00,
    0x00, 0x00, 0x00, 0x00, 0x00, 0x00, 0x00, 0x00, 0x00, 0x00, 0x00, 0x00, 0x01, 0x23, 0xf3, 0xf3,
    0xf3, 0xf3, 0xf5, 0x6f, 0xd7, 0xf2, 0xf3, 0xf3, 0xf3, 0xf3, 0xf3, 0xf3, 0xf4, 0x60, 0x6e, 0x01,
    0x01, 0x00, 0x00, 0x00, 0x00, 0x00, 0x00, 0x00, 0x00, 0x00, 0x00, 0x00, 0x00, 0x00, 0x00, 0x00,
    0x00, 0x00, 0x00, 0x00, 0x00, 0x00, 0x00, 0x00, 0x00, 0x00, 0x00, 0x00, 0x00, 0x00, 0x00, 0x00,
    0x00, 0x02, 0xa3, 0xf3, 0xf3, 0xf3, 0xf3, 0x8f, 0xb9, 0xf2, 0xf3, 0xf3, 0xf3, 0xf3, 0xf3, 0xf3,
    0xf4, 0x9d, 0x01, 0x00, 0x00, 0x00, 0x00, 0x00, 0x00, 0x00, 0x00, 0x00, 0x00, 0x00, 0x00, 0x00,
    0x00, 0x00, 0x00, 0x00, 0x00, 0x00, 0x00, 0x00, 0x00, 0x00, 0x00, 0x00, 0x00, 0x00, 0x00, 0x00,
    0x00, 0x00, 0x00, 0x00, 0x00, 0x01, 0x1e, 0xeb, 0xf2, 0xf3, 0xf1, 0xaf, 0x99, 0xf2, 0xf3, 0xf3,
    0xf3, 0xf3, 0xf3, 0xf3, 0xf2, 0xd3, 0x02, 0x00, 0x00, 0x00, 0x00, 0x00, 0x00, 0x00, 0x00, 0x00,
    0x00, 0x00, 0x00, 0x00, 0x00, 0x00, 0x00, 0x00, 0x00, 0x00, 0x00, 0x00, 0x00, 0x00, 0x00, 0x00,
    0x00, 0x00, 0x00, 0x00, 0x00, 0x00, 0x00, 0x00, 0x00, 0x00, 0x01, 0x4d, 0xf3, 0xf2, 0xf0, 0xd9,
    0x74, 0xf5, 0xf3, 0xf3, 0xf3, 0xf3, 0xf3, 0xf3, 0xf2, 0xbc, 0x02, 0x00, 0x00, 0x00, 0x00, 0x00,
    0x00, 0x00, 0x00, 0x00, 0x00, 0x00, 0x00, 0x00, 0x00, 0x00, 0x00, 0x00, 0x00, 0x00, 0x00, 0x00,
    0x00, 0x00, 0x00, 0x00, 0x00, 0x00, 0x00, 0x00, 0x00, 0x00, 0x00, 0x00, 0x00, 0x00, 0x00, 0x01,
    0x34, 0xa5, 0xb6, 0xb1, 0x5b, 0xf7, 0xf3, 0xf3, 0xf3, 0xf3, 0xf3, 0xf3, 0xf2, 0xa4, 0x02, 0x00,
    0x00, 0x00, 0x00, 0x00, 0x00, 0x00, 0x00, 0x00, 0x00, 0x00, 0x00, 0x00, 0x00, 0x00, 0x00, 0x00,
    0x00, 0x00, 0x00, 0x00, 0x00, 0x00, 0x00, 0x00, 0x00, 0x00, 0x00, 0x00, 0x00, 0x00, 0x00, 0x00,
    0x00, 0x00, 0x00, 0x00, 0x01, 0x02, 0x02, 0x03, 0x34, 0xf7, 0xf3, 0xf3, 0xf3, 0xf3, 0xf3, 0xf3,
    0xf3, 0x92, 0x20, 0x01, 0x00, 0x00, 0x00, 0x00, 0x00, 0x00, 0x00, 0x00, 0x00, 0x00, 0x00, 0x00,
    0x00, 0x00, 0x00, 0x00, 0x00, 0x00, 0x00, 0x00, 0x00, 0x00, 0x00, 0x00, 0x00, 0x00, 0x00, 0x00,
    0x00, 0x00, 0x00, 0x00, 0x00, 0x00, 0x00, 0x00, 0x00, 0x00, 0x00, 0x01, 0x10, 0xf0, 0xf3, 0xf3,
    0xf3, 0xf3, 0xf3, 0xf3, 0xf5, 0x73, 0x7b, 0x02, 0x00, 0x00, 0x00, 0x00, 0x00, 0x00, 0x00, 0x00,
    0x00, 0x00, 0x00, 0x00, 0x00, 0x00, 0x00, 0x00, 0x00, 0x00, 0x00, 0x00, 0x00, 0x00, 0x00, 0x00,
    0x00, 0x00, 0x00, 0x00, 0x00, 0x00, 0x00, 0x00, 0x00, 0x00, 0x00, 0x00, 0x00, 0x00, 0x00, 0x00,
    0x02, 0xd8, 0xf2, 0xf3, 0xf3, 0xf3, 0xf3, 0xf3, 0xf7, 0x66, 0xb0, 0x03, 0x00, 0x00, 0x00, 0x00,
    0x00, 0x00, 0x00, 0x00, 0x00, 0x00, 0x00, 0x00, 0x00, 0x00, 0x00, 0x00, 0x00, 0x00, 0x00, 0x00,
    0x00, 0x00, 0x00, 0x00, 0x00, 0x00, 0x00, 0x00, 0x00, 0x00, 0x00, 0x00, 0x00, 0x00, 0x00, 0x00,
    0x00, 0x00, 0x00, 0x00, 0x02, 0xae, 0xf2, 0xf3, 0xf3, 0xf3, 0xf3, 0xf3, 0xf8, 0x56, 0xcb, 0x11,
    0x01, 0x00, 0x00, 0x00, 0x00, 0x00, 0x00, 0x00, 0x00, 0x00, 0x00, 0x00, 0x00, 0x00, 0x00, 0x00,
    0x00, 0x00, 0x00, 0x00, 0x00, 0x00, 0x00, 0x00, 0x00, 0x00, 0x00, 0x00, 0x00, 0x00, 0x00, 0x00,
    0x00, 0x00, 0x00, 0x00, 0x00, 0x00, 0x00, 0x00, 0x01, 0x71, 0xf5, 0xf3, 0xf3, 0xf3, 0xf3, 0xf3,
    0xf7, 0x38, 0x9a, 0x04, 0x00, 0x00, 0x00, 0x00, 0x00, 0x00, 0x00, 0x00, 0x00, 0x00, 0x00, 0x00,
    0x00, 0x00, 0x00, 0x00, 0x00, 0x00, 0x00, 0x00, 0x00, 0x00, 0x00, 0x00, 0x00, 0x00, 0x00, 0x00,
    0x00, 0x00, 0x00, 0x00, 0x00, 0x00, 0x00, 0x00, 0x00, 0x00, 0x00, 0x00, 0x02, 0x2e, 0xf6, 0xf3,
    0xf3, 0xf3, 0xf3, 0xf3, 0xf4, 0x1c, 0x02, 0x00, 0x00, 0x00, 0x00, 0x00, 0x00, 0x00, 0x00, 0x00,
    0x00, 0x00, 0x00, 0x00, 0x00, 0x00, 0x00, 0x00, 0x00, 0x00, 0x00, 0x00, 0x00, 0x00, 0x00, 0x00,
    0x00, 0x00, 0x00, 0x00, 0x00, 0x00, 0x00, 0x00, 0x00, 0x00, 0x00, 0x00, 0x00, 0x00, 0x00, 0x00,
    0x00, 0x03, 0xd6, 0xf2, 0xf3, 0xf3, 0xf3, 0xf2, 0xe0, 0x02, 0x01, 0x00, 0x00, 0x00, 0x00, 0x00,
    0x00, 0x00, 0x00, 0x00, 0x00, 0x00, 0x00, 0x00, 0x00, 0x00, 0x00, 0x00, 0x00, 0x00, 0x00, 0x00,
    0x00, 0x00, 0x00, 0x00, 0x00, 0x00, 0x00, 0x00, 0x00, 0x00, 0x00, 0x00, 0x00, 0x00, 0x00, 0x00,
    0x00, 0x00, 0x00, 0x00, 0x00, 0x01, 0x81, 0xf4, 0xf3, 0xf3, 0xf3, 0xf1, 0xb2, 0x02, 0x00, 0x00,
    0x00, 0x00, 0x00, 0x00, 0x00, 0x00, 0x00, 0x00, 0x00, 0x00, 0x00, 0x00, 0x00, 0x00, 0x00, 0x00,
    0x00, 0x00, 0x00, 0x00, 0x00, 0x00, 0x00, 0x00, 0x00, 0x00, 0x00, 0x00, 0x00, 0x00, 0x00, 0x00,
    0x00, 0x00, 0x00, 0x00, 0x00, 0x00, 0x00, 0x00, 0x00, 0x01, 0x26, 0xf4, 0xf1, 0xf2, 0xf6, 0xe7,
    0x5c, 0x11, 0x01, 0x00, 0x00, 0x00, 0x00, 0x00, 0x00, 0x00, 0x00, 0x00, 0x00, 0x00, 0x00, 0x00,
    0x00, 0x00, 0x00, 0x00, 0x00, 0x00, 0x00, 0x00, 0x00, 0x00, 0x00, 0x00, 0x00, 0x00, 0x00, 0x00,
    0x00, 0x00, 0x00, 0x00, 0x00, 0x00, 0x00, 0x00, 0x00, 0x00, 0x00, 0x00, 0x00, 0x01, 0x0d, 0x92,
    0xb9, 0xae, 0x86, 0x85, 0xe7, 0x70, 0x01, 0x00, 0x00, 0x00, 0x00, 0x00, 0x00, 0x00, 0x00, 0x00,
    0x00, 0x00, 0x00, 0x00, 0x00, 0x00, 0x00, 0x00, 0x00, 0x00, 0x00, 0x00, 0x00, 0x00, 0x00, 0x00,
    0x00, 0x00, 0x00, 0x00, 0x00, 0x00, 0x00, 0x00, 0x00, 0x00, 0x00, 0x00, 0x00, 0x00, 0x00, 0x01,
    0x01, 0x4b, 0xde, 0xde, 0xcd, 0xd4, 0xf3, 0xe4, 0xf7, 0x71, 0x01, 0x00, 0x00, 0x00, 0x00, 0x00,
    0x00, 0x00, 0x00, 0x00, 0x00, 0x00, 0x00, 0x00, 0x00, 0x00, 0x00, 0x00, 0x00, 0x00, 0x00, 0x00,
    0x00, 0x00, 0x00, 0x00, 0x00, 0x00, 0x00, 0x00, 0x00, 0x00, 0x00, 0x00, 0x00, 0x00, 0x00, 0x00,
    0x00, 0x00, 0x01, 0x09, 0x98, 0xf6, 0xf2, 0xf2, 0xf0, 0xf3, 0x80, 0x12, 0x46, 0x00, 0x00, 0x00,
    0x00, 0x00, 0x00, 0x00, 0x00, 0x00, 0x00, 0x00, 0x00, 0x00, 0x00, 0x00, 0x00, 0x00, 0x00, 0x00,
    0x00, 0x00, 0x00, 0x00, 0x00, 0x00, 0x00, 0x00, 0x00, 0x00, 0x00, 0x00, 0x00, 0x00, 0x00, 0x00,
    0x00, 0x00, 0x00, 0x00, 0x00, 0x00, 0x05, 0xb7, 0xf3, 0xf2, 0xf3, 0xf7, 0xc7, 0x3e, 0x02, 0x00,
    0x01, 0x00, 0x00, 0x00, 0x00, 0x00, 0x00, 0x00, 0x00, 0x00, 0x00, 0x00, 0x00, 0x00, 0x00, 0x00,
    0x00, 0x00, 0x00, 0x00, 0x00, 0x00, 0x00, 0x00, 0x00, 0x00, 0x00, 0x00, 0x00, 0x00, 0x00, 0x00,
    0x00, 0x00, 0x00, 0x00, 0x00, 0x00, 0x00, 0x00, 0x00, 0x01, 0x4b, 0xf1, 0xef, 0xd8, 0x99, 0x3a,
    0x01, 0x01, 0x00, 0x00, 0x00, 0x00, 0x00, 0x00, 0x00, 0x00, 0x00, 0x00, 0x00, 0x00, 0x00, 0x00,
    0x00, 0x00, 0x00, 0x00, 0x00, 0x00, 0x00, 0x00, 0x00, 0x00, 0x00, 0x00, 0x00, 0x00, 0x00, 0x00,
    0x00, 0x00, 0x00, 0x00, 0x00, 0x00, 0x00, 0x00, 0x00, 0x00, 0x00, 0x00, 0x00, 0x00, 0x00, 0x0d,
    0x0e, 0x01, 0x01, 0x01, 0x00, 0x00, 0x00, 0x00, 0x00, 0x00, 0x00, 0x00, 0x00, 0x00, 0x00, 0x00,
    0x00, 0x00, 0x00, 0x00, 0x00, 0x00, 0x00, 0x00, 0x00, 0x00, 0x00, 0x00, 0x00, 0x00, 0x00, 0x00,
    0x00, 0x00, 0x00, 0x00, 0x00, 0x00, 0x00, 0x00, 0x00, 0x00, 0x00, 0x00, 0x00, 0x00, 0x00, 0x00,
    0x00, 0x00, 0x00, 0x01, 0x01, 0x00, 0x00, 0x00, 0x00, 0x00, 0x00, 0x00, 0x00, 0x00, 0x00, 0x00,
    0x00, 0x00, 0x00, 0x00, 0x00, 0x00, 0x00, 0x00, 0x00, 0x00, 0x00, 0x00, 0x00, 0x00, 0x00, 0x00,
    0x00, 0x00, 0x00, 0x00, 0x00, 0x00, 0x00, 0x00, 0x00, 0x00, 0x00, 0x00, 0x00, 0x00, 0x00, 0x00,
    0x00, 0x00, 0x00, 0x00, 0x00, 0x00, 0x00, 0x00, 0x00, 0x00, 0x00, 0x00, 0x00, 0x00, 0x00, 0x00,
    0x00, 0x00, 0x00, 0x00, 0x00, 0x00, 0x00, 0x00, 0x00, 0x00, 0x00, 0x00, 0x00, 0x00, 0x00, 0x00,
    0x00, 0x00, 0x00, 0x00, 0x00, 0x00, 0x00, 0x00, 0x00, 0x00, 0x00, 0x00, 0x00, 0x00, 0x00, 0x00,
    0x00, 0x00, 0x00, 0x00, 0x00, 0x00, 0x00, 0x00, 0x00, 0x00, 0x00, 0x00, 0x00, 0x00, 0x00, 0x00,
    0x00, 0x00, 0x00, 0x00, 0x00, 0x00, 0x00, 0x00, 0x00, 0x00, 0x00, 0x00, 0x00, 0x00, 0x00, 0x00,
    0x00, 0x00, 0x00, 0x00, 0x00, 0x00, 0x00, 0x00, 0x00, 0x00, 0x00, 0x00, 0x00, 0x00, 0x00, 0x00,
    0x00, 0x00, 0x00, 0x00, 0x00, 0x00, 0x00, 0x00, 0x00, 0x00, 0x00, 0x00, 0x00, 0x00, 0x00, 0x00,
    0x00, 0x00, 0x00, 0x00, 0x00, 0x00, 0x00, 0x00, 0x00, 0x00, 0x00, 0x00, 0x00, 0x00, 0x00, 0x00,
    0x00, 0x00, 0x00, 0x00, 0x00, 0x00, 0x00, 0x00, 0x00, 0x00, 0x00, 0x00,
};

const lv_image_dsc_t pipboy_frame_2 = {
    .header = {
        .magic = LV_IMAGE_HEADER_MAGIC,
        .cf = LV_COLOR_FORMAT_A8,
        .flags = 0,
        .w = 52,
        .h = 75,
        .stride = 52,
        .reserved_2 = 0,
    },
    .data_size = sizeof(pipboy_frame_2_map),
    .data = pipboy_frame_2_map,
    .reserved = NULL,
};

const LV_ATTRIBUTE_MEM_ALIGN LV_ATTRIBUTE_LARGE_CONST uint8_t pipboy_frame_3_map[] = {
    0x00, 0x00, 0x00, 0x00, 0x00, 0x00, 0x00, 0x00, 0x00, 0x00, 0x00, 0x00, 0x00, 0x00, 0x00, 0x00,
    0x00, 0x00, 0x00, 0x00, 0x00, 0x00, 0x00, 0x00, 0x00, 0x00, 0x00, 0x00, 0x00, 0x00, 0x00, 0x00,
    0x00, 0x00, 0x00, 0x00, 0x00, 0x00, 0x00, 0x00, 0x00, 0x00, 0x00, 0x00, 0x00, 0x00, 0x00, 0x00,
    0x00, 0x00, 0x00, 0x00, 0x00, 0x00, 0x00, 0x00, 0x00, 0x00, 0x00, 0x00, 0x00, 0x00, 0x00, 0x00,
    0x00, 0x00, 0x00, 0x00, 0x00, 0x00, 0x00, 0x00, 0x00, 0x00, 0x00, 0x00, 0x00, 0x00, 0x00, 0x00,
    0x00, 0x00, 0x00, 0x00, 0x00, 0x00, 0x00, 0x00, 0x00, 0x00, 0x00, 0x00, 0x00, 0x00, 0x00, 0x00,
    0x00, 0x00, 0x00, 0x00, 0x00, 0x00, 0x00, 0x00, 0x00, 0x00, 0x00, 0x00, 0x00, 0x00, 0x00, 0x00,
    0x00, 0x00, 0x00, 0x00, 0x00, 0x00, 0x00, 0x00, 0x00, 0x00, 0x00, 0x00, 0x00, 0x00, 0x00, 0x01,
    0x01, 0x01, 0x00, 0x00, 0x00, 0x00, 0x00, 0x00, 0x00, 0x00, 0x00, 0x00, 0x00, 0x00, 0x00, 0x00,
    0x00, 0x00, 0x00, 0x00, 0x00, 0x00, 0x00, 0x00, 0x00, 0x00, 0x00, 0x00, 0x00, 0x00, 0x00, 0x00,
    0x00, 0x00, 0x00, 0x00, 0x00, 0x00, 0x00, 0x00, 0x00, 0x00, 0x00, 0x00, 0x00, 0x00, 0x00, 0x01,
    0x01, 0x02, 0x0a, 0xba, 0xbd, 0x40, 0x01, 0x02, 0x01, 0x00, 0x00, 0x00, 0x00, 0x00, 0x00, 0x00,
    0x00, 0x00, 0x00, 0x00, 0x00, 0x00, 0x00, 0x00, 0x00, 0x00, 0x00, 0x00, 0x00, 0x00, 0x00, 0x00,
    0x00, 0x00, 0x00, 0x00, 0x00, 0x00, 0x00, 0x00, 0x00, 0x00, 0x00, 0x00, 0x00, 0x00, 0x00, 0x01,
    0x00, 0x00, 0x01, 0x22, 0x6c, 0x39, 0x99, 0xf0, 0xef, 0xf4, 0xd5, 0xc1, 0x4f, 0x02, 0x00, 0x00,
    0x00, 0x00, 0x00, 0x00, 0x00, 0x00, 0x00, 0x00, 0x00, 0x00, 0x00, 0x00, 0x00, 0x00, 0x00, 0x00,
    0x00, 0x00, 0x00, 0x00, 0x00, 0x00, 0x00, 0x00, 0x00, 0x00, 0x00, 0x00, 0x00, 0x00, 0x00, 0x00,
    0x00, 0x01, 0x0b, 0x1f, 0x02, 0x02, 0x25, 0xdc, 0xf2, 0xf5, 0xf2, 0xef, 0xf1, 0xef, 0xef, 0xee,
    0xf0, 0x86, 0x05, 0x01, 0x00, 0x00, 0x00, 0x00, 0x00, 0x00, 0x00, 0x00, 0x00, 0x00, 0x00, 0x00,
    0x00, 0x00, 0x00, 0x00, 0x00, 0x00, 0x00, 0x00, 0x00, 0x00, 0x00, 0x00, 0x00, 0x00, 0x00, 0x00,
    0x00, 0x00, 0x00, 0x00, 0x00, 0x02, 0x4c, 0xd3, 0x4f, 0x68, 0xe8, 0xe6, 0xec, 0xf4, 0xf4, 0xc6,
    0x86, 0xe4, 0xef, 0xf0, 0xf4, 0xf4, 0xa7, 0x07, 0x01, 0x00, 0x00, 0x00, 0x00, 0x00, 0x00, 0x00,
    0x00, 0x00, 0x00, 0x00, 0x00, 0x00, 0x00, 0x00, 0x00, 0x00, 0x00, 0x00, 0x00, 0x00, 0x00, 0x00,
    0x00, 0x00, 0x00, 0x00, 0x00, 0x00, 0x00, 0x00, 0x00, 0x01, 0x5b, 0xf4, 0xf5, 0xf3, 0xb4, 0x50,
    0x57, 0x6e, 0x87, 0x86, 0x77, 0x3b, 0xe2, 0x9f, 0x77, 0x73, 0xcd, 0xbc, 0x0e, 0x01, 0x00, 0x00,
    0x00, 0x00, 0x00, 0x00, 0x00, 0x00, 0x00, 0x00, 0x00, 0x00, 0x00, 0x00, 0x00, 0x00, 0x00, 0x00,
    0x00, 0x00, 0x00, 0x00, 0x00, 0x00, 0x00, 0x00, 0x00, 0x00, 0x00, 0x00, 0x00, 0x01, 0x1d, 0xdf,
    0xf6, 0xcd, 0x58, 0xf7, 0xf5, 0xf3, 0xf3, 0xf1, 0xf2, 0xe0, 0x88, 0xd2, 0xef, 0xc8, 0x25, 0xf2,
    0x83, 0x01, 0x00, 0x00, 0x00, 0x00, 0x00, 0x00, 0x00, 0x00, 0x00, 0x00, 0x00, 0x00, 0x00, 0x00,
    0x00, 0x00, 0x00, 0x00, 0x00, 0x00, 0x00, 0x00, 0x00, 0x00, 0x00, 0x00, 0x00, 0x00, 0x00, 0x00,
    0x00, 0x01, 0x25, 0x47, 0x36, 0x4d, 0xed, 0xef, 0xf0, 0xf0, 0xf0, 0xf0, 0xf4, 0xf1, 0xf2, 0xef,
    0xf0, 0xf6, 0x29, 0xed, 0xd1, 0x01, 0x00, 0x00, 0x00, 0x00, 0x00, 0x00, 0x00, 0x00, 0x00, 0x00,
    0x00, 0x00, 0x00, 0x00, 0x00, 0x00, 0x00, 0x00, 0x00, 0x00, 0x00, 0x00, 0x00, 0x00, 0x00, 0x00,
    0x00, 0x00, 0x00, 0x00, 0x00, 0x02, 0x36, 0x83, 0x99, 0x7f, 0x51, 0xf3, 0xf0, 0xf0, 0xf0, 0xf3,
    0x88, 0x89, 0xf3, 0xf0, 0xf2, 0x89, 0x88, 0xf1, 0xe9, 0x05, 0x01, 0x00, 0x00, 0x00, 0x00, 0x00,
    0x00, 0x00, 0x00, 0x00, 0x00, 0x00, 0x00, 0x00, 0x00, 0x00, 0x00, 0x00, 0x00, 0x00, 0x00, 0x00,
    0x00, 0x00, 0x00, 0x00, 0x00, 0x00, 0x00, 0x00, 0x00, 0x00, 0x02, 0x30, 0xee, 0xc7, 0xe2, 0xf1,
    0xf0, 0xf0, 0xf0, 0xef, 0xea, 0x72, 0xde, 0xef, 0xee, 0x88, 0x63, 0xbf, 0xea, 0x06, 0x01, 0x00,
    0x00, 0x00, 0x00, 0x00, 0x00, 0x00, 0x00, 0x00, 0x00, 0x00, 0x00, 0x00, 0x00, 0x00, 0x00, 0x00,
    0x00, 0x00, 0x00, 0x00, 0x00, 0x00, 0x00, 0x00, 0x00, 0x00, 0x00, 0x00, 0x00, 0x00, 0x01, 0xa2,
    0xf3, 0x71, 0xdb, 0xee, 0xe2, 0xd7, 0xef, 0xf1, 0x8a, 0xf3, 0xf1, 0xf0, 0xf1, 0xbc, 0x7f, 0x69,
    0x8f, 0x01, 0x00, 0x00, 0x00, 0x00, 0x00, 0x00, 0x00, 0x00, 0x00, 0x00, 0x00, 0x00, 0x00, 0x00,
    0x00, 0x00, 0x00, 0x00, 0x00, 0x00, 0x00, 0x00, 0x00, 0x00, 0x00, 0x00, 0x00, 0x00, 0x00, 0x00,
    0x00, 0x00, 0x03, 0xe5, 0xf2, 0x24, 0xbc, 0xf2, 0x51, 0xc2, 0xed, 0xd4, 0x03, 0xdd, 0xef, 0xf0,
    0xf2, 0xa7, 0x82, 0x7b, 0x5a, 0x01, 0x00, 0x00, 0x00, 0x00, 0x00, 0x00, 0x00, 0x00, 0x00, 0x00,
    0x00, 0x00, 0x00, 0x00, 0x00, 0x00, 0x00, 0x00, 0x00, 0x00, 0x00, 0x00, 0x00, 0x00, 0x00, 0x00,
    0x00, 0x00, 0x00, 0x00, 0x00, 0x01, 0x0d, 0xea, 0xf1, 0xbc, 0xeb, 0xa8, 0x6a, 0xf3, 0xf0, 0xe6,
    0x3a, 0xe5, 0xef, 0xf0, 0xf2, 0xb4, 0x68, 0x7d, 0x23, 0x01, 0x00, 0x00, 0x00, 0x00, 0x00, 0x00,
    0x00, 0x00, 0x00, 0x00, 0x00, 0x00, 0x00, 0x00, 0x00, 0x00, 0x00, 0x00, 0x00, 0x00, 0x00, 0x00,
    0x00, 0x00, 0x00, 0x00, 0x00, 0x00, 0x00, 0x00, 0x00, 0x01, 0x19, 0xf0, 0xf0, 0xef, 0xef, 0x42,
    0xf1, 0xf0, 0xf0, 0xf0, 0xf6, 0xf0, 0xf0, 0xf0, 0xf0, 0xcf, 0xd6, 0xb1, 0x02, 0x00, 0x00, 0x00,
    0x00, 0x00, 0x00, 0x00, 0x00, 0x00, 0x00, 0x00, 0x00, 0x00, 0x00, 0x00, 0x00, 0x00, 0x00, 0x00,
    0x00, 0x00, 0x00, 0x00, 0x00, 0x00, 0x00, 0x00, 0x00, 0x00, 0x00, 0x00, 0x00, 0x01, 0x14, 0xed,
    0xef, 0xf0, 0xf4, 0x50, 0xcd, 0xef, 0xf0, 0xf0, 0xf1, 0xf0, 0xf0, 0xf0, 0xf0, 0xf0, 0xf0, 0xf3,
    0x28, 0x01, 0x00, 0x00, 0x00, 0x00, 0x00, 0x00, 0x00, 0x00, 0x00, 0x00, 0x00, 0x00, 0x00, 0x00,
    0x00, 0x00, 0x00, 0x00, 0x00, 0x00, 0x00, 0x00, 0x00, 0x00, 0x00, 0x00, 0x00, 0x00, 0x00, 0x00,
    0x00, 0x00, 0x00, 0xdc, 0xeb, 0xe9, 0xf1, 0xed, 0xe9, 0xf2, 0xf5, 0xe3, 0xaa, 0xf2, 0xf0, 0xf0,
    0xf0, 0xf0, 0xf0, 0xf5, 0x36, 0x02, 0x00, 0x00, 0x00, 0x00, 0x00, 0x00, 0x00, 0x00, 0x00, 0x00,
    0x00, 0x00, 0x00, 0x00, 0x00, 0x00, 0x00, 0x00, 0x00, 0x00, 0x00, 0x00, 0x00, 0x00, 0x00, 0x00,
    0x00, 0x00, 0x00, 0x00, 0x00, 0x00, 0x01, 0xa7, 0x6f, 0x87, 0x9a, 0xb1, 0xb5, 0x9b, 0x8e, 0x9d,
    0x3a, 0xac, 0xf0, 0xf0, 0xf0, 0xef, 0xeb, 0xc7, 0x0b, 0x01, 0x00, 0x00, 0x00, 0x00, 0x00, 0x00,
    0x00, 0x00, 0x00, 0x00, 0x00, 0x00, 0x00, 0x00, 0x00, 0x00, 0x00, 0x00, 0x00, 0x00, 0x00, 0x00,
    0x00, 0x00, 0x00, 0x00, 0x00, 0x00, 0x00, 0x00, 0x00, 0x00, 0x01, 0x3c, 0x99, 0x82, 0x9b, 0xc8,
    0xe1, 0xea, 0xcb, 0x6f, 0x81, 0xa6, 0xf0, 0xf0, 0xef, 0xac, 0x11, 0x02, 0x00, 0x00, 0x00, 0x00,
    0x00, 0x00, 0x00, 0x00, 0x00, 0x00, 0x00, 0x00, 0x00, 0x00, 0x00, 0x00, 0x00, 0x00, 0x00, 0x00,
    0x00, 0x00, 0x00, 0x00, 0x00, 0x00, 0x00, 0x00, 0x00, 0x00, 0x00, 0x00, 0x00, 0x00, 0x00, 0x01,
    0xa0, 0xf5, 0xe5, 0xae, 0x8d, 0x82, 0x9d, 0xe7, 0xf2, 0xf3, 0xf0, 0xef, 0xe1, 0x1b, 0x02, 0x00,
    0x00, 0x00, 0x00, 0x00, 0x00, 0x00, 0x00, 0x00, 0x00, 0x00, 0x00, 0x00, 0x00, 0x00, 0x00, 0x00,
    0x00, 0x00, 0x00, 0x00, 0x00, 0x00, 0x00, 0x00, 0x00, 0x00, 0x00, 0x00, 0x00, 0x00, 0x00, 0x00,
    0x00, 0x00, 0x00, 0x01, 0x11, 0xce, 0xef, 0xef, 0xf1, 0xf3, 0xef, 0xef, 0xf0, 0xf0, 0xf0, 0xe2,
    0x4a, 0x19, 0x00, 0x00, 0x00, 0x00, 0x00, 0x00, 0x00, 0x00, 0x00, 0x00, 0x00, 0x00, 0x00, 0x00,
    0x00, 0x00, 0x00, 0x00, 0x00, 0x00, 0x00, 0x00, 0x00, 0x00, 0x00, 0x00, 0x00, 0x00, 0x00, 0x00,
    0x00, 0x00, 0x00, 0x00, 0x00, 0x00, 0x00, 0x00, 0x01, 0x13, 0x9f, 0xf3, 0xf2, 0xef, 0xf0, 0xf0,
    0xf0, 0xf0, 0xd4, 0x98, 0x5a, 0xde, 0x17, 0x01, 0x00, 0x00, 0x00, 0x00, 0x00, 0x00, 0x00, 0x00,
    0x00, 0x00, 0x00, 0x00, 0x00, 0x00, 0x00, 0x00, 0x00, 0x00, 0x00, 0x00, 0x00, 0x00, 0x00, 0x00,
    0x00, 0x00, 0x00, 0x00, 0x00, 0x00, 0x00, 0x00, 0x00, 0x00, 0x00, 0x00, 0x00, 0x06, 0x75, 0x53,
    0x7d, 0xd5, 0xf1, 0xf6, 0xf0, 0xef, 0xf1, 0x7f, 0xa5, 0xdf, 0x2c, 0x38, 0x01, 0x00, 0x00, 0x00,
    0x00, 0x00, 0x00, 0x00, 0x00, 0x00, 0x00, 0x00, 0x00, 0x00, 0x00, 0x00, 0x00, 0x00, 0x00, 0x00,
    0x00, 0x00, 0x00, 0x00, 0x00, 0x00, 0x00, 0x00, 0x00, 0x00, 0x00, 0x00, 0x00, 0x00, 0x00, 0x00,
    0x01, 0x20, 0xec, 0xf4, 0xad, 0x1e, 0x3f, 0x78, 0xec, 0xc0, 0x54, 0x98, 0xf5, 0x66, 0x83, 0xe0,
    0x15, 0x01, 0x00, 0x00, 0x00, 0x00, 0x00, 0x00, 0x00, 0x00, 0x00, 0x00, 0x00, 0x00, 0x00, 0x00,
    0x00, 0x00, 0x00, 0x00, 0x00, 0x00, 0x00, 0x00, 0x00, 0x00, 0x00, 0x00, 0x00, 0x00, 0x00, 0x00,
    0x00, 0x00, 0x00, 0x01, 0x0c, 0xc2, 0x47, 0xce, 0xf2, 0xee, 0xa6, 0x66, 0x52, 0x72, 0xd9, 0xf5,
    0x7f, 0x4d, 0xf1, 0xf0, 0x98, 0x02, 0x00, 0x00, 0x00, 0x00, 0x00, 0x00, 0x00, 0x00, 0x00, 0x00,
    0x00, 0x00, 0x00, 0x00, 0x00, 0x00, 0x00, 0x00, 0x00, 0x00, 0x00, 0x00, 0x00, 0x00, 0x00, 0x00,
    0x00, 0x00, 0x00, 0x00, 0x00, 0x00, 0x00, 0x01, 0x5d, 0xf4, 0xe1, 0x25, 0xe5, 0xef, 0xef, 0xf5,
    0xf8, 0xe0, 0xb8, 0x41, 0x5e, 0xef, 0xef, 0xf0, 0xef, 0x1d, 0x01, 0x00, 0x00, 0x00, 0x00, 0x00,
    0x00, 0x00, 0x00, 0x00, 0x00, 0x00, 0x00, 0x00, 0x00, 0x00, 0x00, 0x00, 0x00, 0x00, 0x00, 0x00,
    0x00, 0x00, 0x00, 0x00, 0x00, 0x00, 0x00, 0x00, 0x00, 0x00, 0x00, 0x02, 0xb8, 0xee, 0xe7, 0x30,
    0xf5, 0xf0, 0xf0, 0xef, 0x2c, 0x48, 0x80, 0xd1, 0xf3, 0xef, 0xf0, 0xf0, 0xf2, 0x71, 0x01, 0x00,
    0x00, 0x00, 0x00, 0x00, 0x00, 0x00, 0x00, 0x00, 0x00, 0x00, 0x00, 0x00, 0x00, 0x00, 0x00, 0x00,
    0x00, 0x00, 0x00, 0x00, 0x00, 0x00, 0x00, 0x00, 0x00, 0x00, 0x00, 0x00, 0x00, 0x00, 0x00, 0x07,
    0xe3, 0xed, 0xbc, 0x65, 0xf3, 0xf0, 0xef, 0xd0, 0x33, 0xf8, 0xf1, 0xef, 0xf0, 0xf0, 0xf0, 0xf0,
    0xef, 0xb4, 0x02, 0x00, 0x00, 0x00, 0x00, 0x00, 0x00, 0x00, 0x00, 0x00, 0x00, 0x00, 0x00, 0x00,
    0x00, 0x00, 0x00, 0x00, 0x00, 0x00, 0x00, 0x00, 0x00, 0x00, 0x00, 0x00, 0x00, 0x00, 0x00, 0x00,
    0x00, 0x00, 0x01, 0x14, 0xf2, 0xf0, 0x89, 0x9b, 0xef, 0xf0, 0xef, 0xa8, 0x60, 0xf4, 0xf0, 0xf0,
    0xf0, 0xf0, 0xf0, 0xf0, 0xef, 0xd8, 0x01, 0x00, 0x00, 0x00, 0x00, 0x00, 0x00, 0x00, 0x00, 0x00,
    0x00, 0x00, 0x00, 0x00, 0x00, 0x00, 0x00, 0x00, 0x00, 0x00, 0x00, 0x00, 0x00, 0x00, 0x00, 0x00,
    0x00, 0x00, 0x00, 0x00, 0x00, 0x00, 0x01, 0x14, 0xf2, 0xf3, 0x68, 0xca, 0xef, 0xf0, 0xf1, 0x7a,
    0x8f, 0xf0, 0xf0, 0xf0, 0xf0, 0xf0, 0xf0, 0xf0, 0xf0, 0xea, 0x0c, 0x01, 0x00, 0x00, 0x00, 0x00,
    0x00, 0x00, 0x00, 0x00, 0x00, 0x00, 0x00, 0x00, 0x00, 0x00, 0x00, 0x00, 0x00, 0x00, 0x00, 0x00,
    0x00, 0x00, 0x00, 0x00, 0x00, 0x00, 0x00, 0x00, 0x00, 0x00, 0x01, 0x14, 0xf2, 0xf6, 0x49, 0xdd,
    0xef, 0xf0, 0xf4, 0x5f, 0xaf, 0xef, 0xf0, 0xf0, 0xf0, 0xf0, 0xf0, 0xf0, 0xf0, 0xf2, 0x15, 0x01,
    0x00, 0x00, 0x00, 0x00, 0x00, 0x00, 0x00, 0x00, 0x00, 0x00, 0x00, 0x00, 0x00, 0x00, 0x00, 0x00,
    0x00, 0x00, 0x00, 0x00, 0x00, 0x00, 0x00, 0x00, 0x00, 0x00, 0x00, 0x00, 0x00, 0x00, 0x01, 0x0c,
    0xe9, 0xf5, 0x2d, 0xee, 0xf0, 0xf0, 0xf6, 0x40, 0xd4, 0xef, 0xf0, 0xf0, 0xf0, 0xf0, 0xf0, 0xf0,
    0xf0, 0xf3, 0x22, 0x02, 0x00, 0x00, 0x00, 0x00, 0x00, 0x00, 0x00, 0x00, 0x00, 0x00, 0x00, 0x00,
    0x00, 0x00, 0x00, 0x00, 0x00, 0x00, 0x00, 0x00, 0x00, 0x00, 0x00, 0x00, 0x00, 0x00, 0x00, 0x00,
    0x00, 0x00, 0x00, 0x02, 0xdb, 0xf3, 0x25, 0xf3, 0xf0, 0xf0, 0xf3, 0x22, 0xeb, 0xf0, 0xef, 0xf0,
    0xf0, 0xf0, 0xf0, 0xf0, 0xf0, 0xf5, 0x2c, 0x02, 0x00, 0x00, 0x00, 0x00, 0x00, 0x00, 0x00, 0x00,
    0x00, 0x00, 0x00, 0x00, 0x00, 0x00, 0x00, 0x00, 0x00, 0x00, 0x00, 0x00, 0x00, 0x00, 0x00, 0x00,
    0x00, 0x00, 0x00, 0x00, 0x00, 0x00, 0x00, 0x02, 0xc2, 0xf3, 0x33, 0xf5, 0xf0, 0xf0, 0xec, 0x29,
    0xf5, 0xf1, 0xdd, 0xf1, 0xf0, 0xf0, 0xf0, 0xf0, 0xf0, 0xf4, 0x2b, 0x02, 0x00, 0x00, 0x00, 0x00,
    0x00, 0x00, 0x00, 0x00, 0x00, 0x00, 0x00, 0x00, 0x00, 0x00, 0x00, 0x00, 0x00, 0x00, 0x00, 0x00,
    0x00, 0x00, 0x00, 0x00, 0x00, 0x00, 0x00, 0x00, 0x00, 0x00, 0x00, 0x01, 0x8c, 0xf4, 0x35, 0xf5,
    0xf0, 0xef, 0xdc, 0x43, 0xf6, 0xf5, 0x47, 0xf6, 0xf0, 0xf0, 0xf0, 0xf0, 0xf0, 0xf3, 0x1e, 0x01,
    0x00, 0x00, 0x00, 0x00, 0x00, 0x00, 0x00, 0x00, 0x00, 0x00, 0x00, 0x00, 0x00, 0x00, 0x00, 0x00,
    0x00, 0x00, 0x00, 0x00, 0x00, 0x00, 0x00, 0x00, 0x00, 0x00, 0x00, 0x00, 0x00, 0x00, 0x00, 0x01,
    0x4f, 0xf8, 0x32, 0xf5, 0xf0, 0xef, 0xd5, 0x4d, 0xf6, 0xf3, 0x68, 0xd6, 0xef, 0xf0, 0xf0, 0xf0,
    0xf0, 0xf3, 0x1c, 0x01, 0x00, 0x00, 0x00, 0x00, 0x00, 0x00, 0x00, 0x00, 0x00, 0x00, 0x00, 0x00,
    0x00, 0x00, 0x00, 0x00, 0x00, 0x00, 0x00, 0x00, 0x00, 0x00, 0x00, 0x00, 0x00, 0x00, 0x00, 0x00,
    0x00, 0x00, 0x00, 0x01, 0x18, 0xef, 0x29, 0xf4, 0xf0, 0xef, 0xd8, 0x51, 0xf6, 0xef, 0xbe, 0x7f,
    0xf1, 0xf0, 0xf0, 0xf0, 0xf0, 0xf2, 0x13, 0x01, 0x00, 0x00, 0x00, 0x00, 0x00, 0x00, 0x00, 0x00,
    0x00, 0x00, 0x00, 0x00, 0x00, 0x00, 0x00, 0x00, 0x00, 0x00, 0x00, 0x00, 0x00, 0x00, 0x00, 0x00,
    0x00, 0x00, 0x00, 0x00, 0x00, 0x00, 0x00, 0x00, 0x02, 0xa9, 0x2c, 0xf3, 0xf0, 0xef, 0xe0, 0x4f,
    0xf4, 0xef, 0xf0, 0x46, 0xf6, 0xf0, 0xf0, 0xf0, 0xf0, 0xf2, 0x12, 0x01, 0x00, 0x00, 0x00, 0x00,
    0x00, 0x00, 0x00, 0x00, 0x00, 0x00, 0x00, 0x00, 0x00, 0x00, 0x00, 0x00, 0x00, 0x00, 0x00, 0x00,
    0x00, 0x00, 0x00, 0x00, 0x00, 0x00, 0x00, 0x00, 0x00, 0x00, 0x00, 0x00, 0x01, 0x42, 0x2f, 0xf3,
    0xf0, 0xf0, 0xec, 0x38, 0xc7, 0xd8, 0xd7, 0x44, 0xee, 0xf0, 0xf0, 0xf0, 0xf0, 0xf2, 0x12, 0x01,
    0x00, 0x00, 0x00, 0x00, 0x00, 0x00, 0x00, 0x00, 0x00, 0x00, 0x00, 0x00, 0x00, 0x00, 0x00, 0x00,
    0x00, 0x00, 0x00, 0x00, 0x00, 0x00, 0x00, 0x00, 0x00, 0x00, 0x00, 0x00, 0x00, 0x00, 0x00, 0x00,
    0x02, 0xce, 0xf0, 0xf0, 0xf0, 0xf0, 0xf1, 0xc7, 0x79, 0x62, 0x62, 0x3a, 0xd5, 0xef, 0xf0, 0xf0,
    0xef, 0xe5, 0x08, 0x01, 0x00, 0x00, 0x00, 0x00, 0x00, 0x00, 0x00, 0x00, 0x00, 0x00, 0x00, 0x00,
    0x00, 0x00, 0x00, 0x00, 0x00, 0x00, 0x00, 0x00, 0x00, 0x00, 0x00, 0x00, 0x00, 0x00, 0x00, 0x00,
    0x00, 0x00, 0x00, 0x00, 0x01, 0x77, 0xf4, 0xef, 0xf0, 0xf0, 0xf0, 0xef, 0xf1, 0xf4, 0xf3, 0x9d,
    0xb6, 0xee, 0xf0, 0xf0, 0xef, 0xc4, 0x02, 0x00, 0x00, 0x00, 0x00, 0x00, 0x00, 0x00, 0x00, 0x00,
    0x00, 0x00, 0x00, 0x00, 0x00, 0x00, 0x00, 0x00, 0x00, 0x00, 0x00, 0x00, 0x00, 0x00, 0x00, 0x00,
    0x00, 0x00, 0x00, 0x00, 0x00, 0x00, 0x00, 0x00, 0x01, 0x64, 0x52, 0xd2, 0xf4, 0xef, 0xf0, 0xf0,
    0xf0, 0xf0, 0xee, 0xb9, 0xa2, 0xef, 0xf0, 0xf0, 0xf0, 0x8f, 0x01, 0x00, 0x00, 0x00, 0x00, 0x00,
    0x00, 0x00, 0x00, 0x00, 0x00, 0x00, 0x00, 0x00, 0x00, 0x00, 0x00, 0x00, 0x00, 0x00, 0x00, 0x00,
    0x00, 0x00, 0x00, 0x00, 0x00, 0x00, 0x00, 0x00, 0x00, 0x00, 0x00, 0x00, 0x01, 0xd5, 0xd8, 0x5e,
    0x56, 0xb8, 0xef, 0xf6, 0xf6, 0xf5, 0xf4, 0xb9, 0x9b, 0xef, 0xf0, 0xf0, 0xf5, 0x58, 0x05, 0x00,
    0x00, 0x00, 0x00, 0x00, 0x00, 0x00, 0x00, 0x00, 0x00, 0x00, 0x00, 0x00, 0x00, 0x00, 0x00, 0x00,
    0x00, 0x00, 0x00, 0x00, 0x00, 0x00, 0x00, 0x00, 0x00, 0x00, 0x00, 0x00, 0x00, 0x00, 0x00, 0x01,
    0x07, 0xea, 0xee, 0xf4, 0xe3, 0x92, 0x55, 0x47, 0x49, 0x63, 0x5f, 0x35, 0xa2, 0xef, 0xf0, 0xf0,
    0xf1, 0x50, 0x1c, 0x01, 0x00, 0x00, 0x00, 0x00, 0x00, 0x00, 0x00, 0x00, 0x00, 0x00, 0x00, 0x00,
    0x00, 0x00, 0x00, 0x00, 0x00, 0x00, 0x00, 0x00, 0x00, 0x00, 0x00, 0x00, 0x00, 0x00, 0x00, 0x00,
    0x00, 0x00, 0x00, 0x01, 0x14, 0xef, 0xf0, 0xf0, 0xef, 0xf0, 0xf5, 0xf5, 0xee, 0xe6, 0xf2, 0x70,
    0x72, 0xe9, 0xf6, 0xf5, 0xa8, 0x86, 0x29, 0x02, 0x00, 0x00, 0x00, 0x00, 0x00, 0x00, 0x00, 0x00,
    0x00, 0x00, 0x00, 0x00, 0x00, 0x00, 0x00, 0x00, 0x00, 0x00, 0x00, 0x00, 0x00, 0x00, 0x00, 0x00,
    0x00, 0x00, 0x00, 0x00, 0x00, 0x00, 0x00, 0x01, 0x1a, 0xf0, 0xf0, 0xf0, 0xf0, 0xf1, 0xe4, 0xf0,
    0xf5, 0xe3, 0x67, 0x97, 0xc1, 0x60, 0x49, 0x4b, 0x35, 0xdf, 0x32, 0x02, 0x00, 0x00, 0x00, 0x00,
    0x00, 0x00, 0x00, 0x00, 0x00, 0x00, 0x00, 0x00, 0x00, 0x00, 0x00, 0x00, 0x00, 0x00, 0x00, 0x00,
    0x00, 0x00, 0x00, 0x00, 0x00, 0x00, 0x00, 0x00, 0x00, 0x00, 0x00, 0x01, 0x14, 0xee, 0xf0, 0xf0,
    0xf0, 0xf6, 0x3b, 0xd6, 0x5c, 0x60, 0xde, 0xf2, 0xef, 0xf5, 0xf6, 0xf8, 0x86, 0xf1, 0x32, 0x02,
    0x00, 0x00, 0x00, 0x00, 0x00, 0x00, 0x00, 0x00, 0x00, 0x00, 0x00, 0x00, 0x00, 0x00, 0x00, 0x00,
    0x00, 0x00, 0x00, 0x00, 0x00, 0x00, 0x00, 0x00, 0x00, 0x00, 0x00, 0x00, 0x00, 0x00, 0x00, 0x01,
    0x07, 0xea, 0xf0, 0xf0, 0xf0, 0xf5, 0x4f, 0x73, 0x88, 0xba, 0x95, 0xbc, 0xf0, 0xf2, 0xf1, 0xf6,
    0x68, 0xf9, 0x21, 0x01, 0x00, 0x00, 0x00, 0x00, 0x00, 0x00, 0x00, 0x00, 0x00, 0x00, 0x00, 0x00,
    0x00, 0x00, 0x00, 0x00, 0x00, 0x00, 0x00, 0x00, 0x00, 0x00, 0x00, 0x00, 0x00, 0x00, 0x00, 0x00,
    0x00, 0x00, 0x00, 0x00, 0x02, 0xdc, 0xef, 0xf0, 0xf0, 0xf1, 0x85, 0x98, 0xc5, 0xaa, 0x4d, 0xda,
    0xe5, 0xc0, 0xad, 0xd9, 0x74, 0xee, 0x0d, 0x01, 0x00, 0x00, 0x00, 0x00, 0x00, 0x00, 0x00, 0x00,
    0x00, 0x00, 0x00, 0x00, 0x00, 0x00, 0x00, 0x00, 0x00, 0x00, 0x00, 0x00, 0x00, 0x00, 0x00, 0x00,
    0x00, 0x00, 0x00, 0x00, 0x00, 0x00, 0x00, 0x00, 0x02, 0xc2, 0xee, 0xf0, 0xf0, 0xef, 0xce, 0x51,
    0xf2, 0xd7, 0x78, 0xf4, 0x92, 0xe7, 0x74, 0x7b, 0xd5, 0xcd, 0x01, 0x00, 0x00, 0x00, 0x00, 0x00,
    0x00, 0x00, 0x00, 0x00, 0x00, 0x00, 0x00, 0x00, 0x00, 0x00, 0x00, 0x00, 0x00, 0x00, 0x00, 0x00,
    0x00, 0x00, 0x00, 0x00, 0x00, 0x00, 0x00, 0x00, 0x00, 0x00, 0x00, 0x00, 0x01, 0x96, 0xf0, 0xf0,
    0xf0, 0xf0, 0xf3, 0x2d, 0xef, 0x70, 0xe0, 0xce, 0x90, 0x9b, 0x5b, 0x85, 0xf2, 0x92, 0x01, 0x00,
    0x00, 0x00, 0x00, 0x00, 0x00, 0x00, 0x00, 0x00, 0x00, 0x00, 0x00, 0x00, 0x00, 0x00, 0x00, 0x00,
    0x00, 0x00, 0x00, 0x00, 0x00, 0x00, 0x00, 0x00, 0x00, 0x00, 0x00, 0x00, 0x00, 0x00, 0x00, 0x00,
    0x01, 0x62, 0xf4, 0xf0, 0xf0, 0xf0, 0xf2, 0x6e, 0xb2, 0x5f, 0xe1, 0x22, 0x54, 0x73, 0xae, 0xf2,
    0xf5, 0x48, 0x02, 0x00, 0x00, 0x00, 0x00, 0x00, 0x00, 0x00, 0x00, 0x00, 0x00, 0x00, 0x00, 0x00,
    0x00, 0x00, 0x00, 0x00, 0x00, 0x00, 0x00, 0x00, 0x00, 0x00, 0x00, 0x00, 0x00, 0x00, 0x00, 0x00,
    0x00, 0x00, 0x00, 0x00, 0x02, 0x31, 0xf6, 0xf0, 0xf0, 0xf0, 0xef, 0xc8, 0x51, 0x64, 0x67, 0xdb,
    0xe6, 0xf3, 0xef, 0xef, 0xe0, 0x08, 0x01, 0x00, 0x00, 0x00, 0x00, 0x00, 0x00, 0x00, 0x00, 0x00,
    0x00, 0x00, 0x00, 0x00, 0x00, 0x00, 0x00, 0x00, 0x00, 0x00, 0x00, 0x00, 0x00, 0x00, 0x00, 0x00,
    0x00, 0x00, 0x00, 0x00, 0x00, 0x00, 0x00, 0x00, 0x00, 0x06, 0xe0, 0xef, 0xf0, 0xf0, 0xf0, 0xf4,
    0x36, 0xd5, 0xf2, 0xef, 0xef, 0xf0, 0xf0, 0xf1, 0x87, 0x40, 0x01, 0x00, 0x00, 0x00, 0x00, 0x00,
    0x00, 0x00, 0x00, 0x00, 0x00, 0x00, 0x00, 0x00, 0x00, 0x00, 0x00, 0x00, 0x00, 0x00, 0x00, 0x00,
    0x00, 0x00, 0x00, 0x00, 0x00, 0x00, 0x00, 0x00, 0x00, 0x00, 0x00, 0x00, 0x00, 0x02, 0x99, 0xf0,
    0xf0, 0xf0, 0xf0, 0xf1, 0x7e, 0xa3, 0xef, 0xf0, 0xf0, 0xf0, 0xf0, 0xf3, 0x2e, 0xe0, 0x13, 0x01,
    0x00, 0x00, 0x00, 0x00, 0x00, 0x00, 0x00, 0x00, 0x00, 0x00, 0x00, 0x00, 0x00, 0x00, 0x00, 0x00,
    0x00, 0x00, 0x00, 0x00, 0x00, 0x00, 0x00, 0x00, 0x00, 0x00, 0x00, 0x00, 0x00, 0x00, 0x00, 0x00,
    0x00, 0x01, 0x35, 0xf4, 0xf0, 0xf0, 0xf0, 0xee, 0xbf, 0x47, 0xf5, 0xf0, 0xf0, 0xf0, 0xee, 0xbd,
    0x72, 0xf8, 0x35, 0x02, 0x00, 0x00, 0x00, 0x00, 0x00, 0x00, 0x00, 0x00, 0x00, 0x00, 0x00, 0x00,
    0x00, 0x00, 0x00, 0x00, 0x00, 0x00, 0x00, 0x00, 0x00, 0x00, 0x00, 0x00, 0x00, 0x00, 0x00, 0x00,
    0x00, 0x00, 0x00, 0x00, 0x00, 0x00, 0x02, 0xa8, 0xf0, 0xef, 0xee, 0xf4, 0x4d, 0x18, 0xd8, 0xef,
    0xf0, 0xf0, 0xf0, 0xec, 0xef, 0xf5, 0x44, 0x02, 0x00, 0x00, 0x00, 0x00, 0x00, 0x00, 0x00, 0x00,
    0x00, 0x00, 0x00, 0x00, 0x00, 0x00, 0x00, 0x00, 0x00, 0x00, 0x00, 0x00, 0x00, 0x00, 0x00, 0x00,
    0x00, 0x00, 0x00, 0x00, 0x00, 0x00, 0x00, 0x00, 0x00, 0x00, 0x01, 0x0b, 0x8f, 0xd3, 0xce, 0x4a,
    0x5f, 0xae, 0x75, 0xf2, 0xf0, 0xf0, 0xf0, 0xf0, 0xf0, 0xf5, 0x54, 0x01, 0x00, 0x00, 0x00, 0x00,
    0x00, 0x00, 0x00, 0x00, 0x00, 0x00, 0x00, 0x00, 0x00, 0x00, 0x00, 0x00, 0x00, 0x00, 0x00, 0x00,
    0x00, 0x00, 0x00, 0x00, 0x00, 0x00, 0x00, 0x00, 0x00, 0x00, 0x00, 0x00, 0x00, 0x00, 0x00, 0x01,
    0x1b, 0x62, 0x69, 0xbd, 0xf2, 0xda, 0x1a, 0xee, 0xf0, 0xf0, 0xf0, 0xf0, 0xf0, 0xf5, 0x50, 0x01,
    0x00, 0x00, 0x00, 0x00, 0x00, 0x00, 0x00, 0x00, 0x00, 0x00, 0x00, 0x00, 0x00, 0x00, 0x00, 0x00,
    0x00, 0x00, 0x00, 0x00, 0x00, 0x00, 0x00, 0x00, 0x00, 0x00, 0x00, 0x00, 0x00, 0x00, 0x00, 0x00,
    0x00, 0x00, 0x00, 0x01, 0x1d, 0xf6, 0xf3, 0xef, 0xee, 0xc8, 0x00, 0x9f, 0xef, 0xf0, 0xf0, 0xf0,
    0xf0, 0xf4, 0x29, 0x02, 0x00, 0x00, 0x00, 0x00, 0x00, 0x00, 0x00, 0x00, 0x00, 0x00, 0x00, 0x00,
    0x00, 0x00, 0x00, 0x00, 0x00, 0x00, 0x00, 0x00, 0x00, 0x00, 0x00, 0x00, 0x00, 0x00, 0x00, 0x00,
    0x00, 0x00, 0x00, 0x00, 0x00, 0x00, 0x00, 0x00, 0x06, 0xe1, 0xef, 0xf0, 0xf3, 0x72, 0x03, 0x32,
    0xf4, 0xf0, 0xf0, 0xf0, 0xef, 0xd9, 0x3b, 0x02, 0x00, 0x00, 0x00, 0x00, 0x00, 0x00, 0x00, 0x00,
    0x00, 0x00, 0x00, 0x00, 0x00, 0x00, 0x00, 0x00, 0x00, 0x00, 0x00, 0x00, 0x00, 0x00, 0x00, 0x00,
    0x00, 0x00, 0x00, 0x00, 0x00, 0x00, 0x00, 0x00, 0x00, 0x00, 0x00, 0x00, 0x02, 0xa1, 0xef, 0xef,
    0xd6, 0x0c, 0x01, 0x01, 0xb8, 0xef, 0xf0, 0xf0, 0xf2, 0x73, 0xbb, 0x38, 0x02, 0x00, 0x00, 0x00,
    0x00, 0x00, 0x00, 0x00, 0x00, 0x00, 0x00, 0x00, 0x00, 0x00, 0x00, 0x00, 0x00, 0x00, 0x00, 0x00,
    0x00, 0x00, 0x00, 0x00, 0x00, 0x00, 0x00, 0x00, 0x00, 0x00, 0x00, 0x00, 0x00, 0x00, 0x00, 0x00,
    0x01, 0x46, 0xf5, 0xf2, 0x3a, 0x02, 0x00, 0x01, 0x3b, 0xf5, 0xee, 0xf2, 0xc2, 0x42, 0xeb, 0x36,
    0x01, 0x00, 0x00, 0x00, 0x00, 0x00, 0x00, 0x00, 0x00, 0x00, 0x00, 0x00, 0x00, 0x00, 0x00, 0x00,
    0x00, 0x00, 0x00, 0x00, 0x00, 0x00, 0x00, 0x00, 0x00, 0x00, 0x00, 0x00, 0x00, 0x00, 0x00, 0x00,
    0x00, 0x00, 0x00, 0x00, 0x00, 0x01, 0x67, 0x3c, 0x01, 0x00, 0x00, 0x00, 0x01, 0x6f, 0xb1, 0x78,
    0x37, 0xe0, 0x5c, 0x01, 0x00, 0x00, 0x00, 0x00, 0x00, 0x00, 0x00, 0x00, 0x00, 0x00, 0x00, 0x00,
    0x00, 0x00, 0x00, 0x00, 0x00, 0x00, 0x00, 0x00, 0x00, 0x00, 0x00, 0x00, 0x00, 0x00, 0x00, 0x00,
    0x00, 0x00, 0x00, 0x00, 0x00, 0x00, 0x00, 0x00, 0x00, 0x00, 0x01, 0x01, 0x00, 0x00, 0x00, 0x01,
    0x25, 0x8c, 0x88, 0xb7, 0xf0, 0xf5, 0x4a, 0x02, 0x00, 0x00, 0x00, 0x00, 0x00, 0x00, 0x00, 0x00,
    0x00, 0x00, 0x00, 0x00, 0x00, 0x00, 0x00, 0x00, 0x00, 0x00, 0x00, 0x00, 0x00, 0x00, 0x00, 0x00,
    0x00, 0x00, 0x00, 0x00, 0x00, 0x00, 0x00, 0x00, 0x00, 0x00, 0x00, 0x00, 0x00, 0x00, 0x00, 0x00,
    0x00, 0x00, 0x01, 0x07, 0xc7, 0xf0, 0xf0, 0xee, 0xef, 0xef, 0x1b, 0x01, 0x00, 0x00, 0x00, 0x00,
    0x00, 0x00, 0x00, 0x00, 0x00, 0x00, 0x00, 0x00, 0x00, 0x00, 0x00, 0x00, 0x00, 0x00, 0x00, 0x00,
    0x00, 0x00, 0x00, 0x00, 0x00, 0x00, 0x00, 0x00, 0x00, 0x00, 0x00, 0x00, 0x00, 0x00, 0x00, 0x00,
    0x00, 0x00, 0x00, 0x00, 0x00, 0x00, 0x01, 0x70, 0xf3, 0xf0, 0xf0, 0xef, 0xf3, 0x68, 0x01, 0x00,
    0x00, 0x00, 0x00, 0x00, 0x00, 0x00, 0x00, 0x00, 0x00, 0x00, 0x00, 0x00, 0x00, 0x00, 0x00, 0x00,
    0x00, 0x00, 0x00, 0x00, 0x00, 0x00, 0x00, 0x00, 0x00, 0x00, 0x00, 0x00, 0x00, 0x00, 0x00, 0x00,
    0x00, 0x00, 0x00, 0x00, 0x00, 0x00, 0x00, 0x00, 0x00, 0x00, 0x02, 0xcd, 0xed, 0xef, 0xf5, 0xdf,
    0x63, 0x02, 0x00, 0x00, 0x00, 0x00, 0x00, 0x00, 0x00, 0x00, 0x00, 0x00, 0x00, 0x00, 0x00, 0x00,
    0x00, 0x00, 0x00, 0x00, 0x00, 0x00, 0x00, 0x00, 0x00, 0x00, 0x00, 0x00, 0x00, 0x00, 0x00, 0x00,
    0x00, 0x00, 0x00, 0x00, 0x00, 0x00, 0x00, 0x00, 0x00, 0x00, 0x00, 0x00, 0x00, 0x00, 0x01, 0x77,
    0xa8, 0x9b, 0x4d, 0x09, 0x01, 0x00, 0x00, 0x00, 0x00, 0x00, 0x00, 0x00, 0x00, 0x00, 0x00, 0x00,
    0x00, 0x00, 0x00, 0x00, 0x00, 0x00, 0x00, 0x00, 0x00, 0x00, 0x00, 0x00, 0x00, 0x00, 0x00, 0x00,
    0x00, 0x00, 0x00, 0x00, 0x00, 0x00, 0x00, 0x00, 0x00, 0x00, 0x00, 0x00, 0x00, 0x00, 0x00, 0x00,
    0x00, 0x00, 0x00, 0x01, 0x02, 0x01, 0x01, 0x01, 0x00, 0x00, 0x00, 0x00, 0x00, 0x00, 0x00, 0x00,
    0x00, 0x00, 0x00, 0x00, 0x00, 0x00, 0x00, 0x00, 0x00, 0x00, 0x00, 0x00, 0x00, 0x00, 0x00, 0x00,
    0x00, 0x00, 0x00, 0x00, 0x00, 0x00, 0x00, 0x00, 0x00, 0x00, 0x00, 0x00, 0x00, 0x00, 0x00, 0x00,
    0x00, 0x00, 0x00, 0x00, 0x00, 0x00, 0x00, 0x00, 0x00, 0x00, 0x00, 0x00, 0x00, 0x00, 0x00, 0x00,
    0x00, 0x00, 0x00, 0x00, 0x00, 0x00, 0x00, 0x00, 0x00, 0x00, 0x00, 0x00, 0x00, 0x00, 0x00, 0x00,
    0x00, 0x00, 0x00, 0x00, 0x00, 0x00, 0x00, 0x00, 0x00, 0x00, 0x00, 0x00, 0x00, 0x00, 0x00, 0x00,
    0x00, 0x00, 0x00, 0x00, 0x00, 0x00, 0x00, 0x00, 0x00, 0x00, 0x00, 0x00, 0x00, 0x00, 0x00, 0x00,
    0x00, 0x00, 0x00, 0x00, 0x00, 0x00, 0x00, 0x00, 0x00, 0x00, 0x00, 0x00, 0x00, 0x00, 0x00, 0x00,
    0x00, 0x00, 0x00, 0x00, 0x00, 0x00, 0x00, 0x00, 0x00, 0x00, 0x00, 0x00, 0x00, 0x00, 0x00, 0x00,
    0x00, 0x00, 0x00, 0x00, 0x00, 0x00, 0x00, 0x00, 0x00, 0x00, 0x00, 0x00, 0x00, 0x00, 0x00, 0x00,
    0x00, 0x00, 0x00, 0x00, 0x00, 0x00, 0x00, 0x00, 0x00, 0x00, 0x00, 0x00, 0x00, 0x00, 0x00, 0x00,
    0x00, 0x00, 0x00, 0x00, 0x00, 0x00, 0x00, 0x00, 0x00, 0x00, 0x00, 0x00, 0x00, 0x00, 0x00, 0x00,
    0x00, 0x00, 0x00, 0x00, 0x00, 0x00, 0x00, 0x00, 0x00, 0x00, 0x00, 0x00, 0x00, 0x00, 0x00, 0x00,
    0x00, 0x00, 0x00, 0x00, 0x00, 0x00, 0x00, 0x00, 0x00, 0x00, 0x00, 0x00, 0x00, 0x00, 0x00, 0x00,
    0x00, 0x00, 0x00, 0x00, 0x00, 0x00, 0x00, 0x00, 0x00, 0x00, 0x00, 0x00,
};

const lv_image_dsc_t pipboy_frame_3 = {
    .header = {
        .magic = LV_IMAGE_HEADER_MAGIC,
        .cf = LV_COLOR_FORMAT_A8,
        .flags = 0,
        .w = 52,
        .h = 75,
        .stride = 52,
        .reserved_2 = 0,
    },
    .data_size = sizeof(pipboy_frame_3_map),
    .data = pipboy_frame_3_map,
    .reserved = NULL,
};

const LV_ATTRIBUTE_MEM_ALIGN LV_ATTRIBUTE_LARGE_CONST uint8_t pipboy_frame_4_map[] = {
    0x00, 0x00, 0x00, 0x00, 0x00, 0x00, 0x00, 0x00, 0x00, 0x00, 0x00, 0x00, 0x00, 0x00, 0x00, 0x00,
    0x00, 0x00, 0x00, 0x00, 0x00, 0x00, 0x00, 0x00, 0x00, 0x00, 0x00, 0x00, 0x00, 0x00, 0x00, 0x00,
    0x00, 0x00, 0x00, 0x00, 0x00, 0x00, 0x00, 0x00, 0x00, 0x00, 0x00, 0x00, 0x00, 0x00, 0x00, 0x00,
    0x00, 0x00, 0x00, 0x00, 0x00, 0x00, 0x00, 0x00, 0x00, 0x00, 0x00, 0x00, 0x00, 0x00, 0x00, 0x00,
    0x00, 0x00, 0x00, 0x00, 0x00, 0x00, 0x00, 0x00, 0x00, 0x00, 0x00, 0x00, 0x00, 0x00, 0x00, 0x00,
    0x00, 0x00, 0x00, 0x00, 0x00, 0x00, 0x00, 0x00, 0x00, 0x00, 0x00, 0x00, 0x00, 0x00, 0x00, 0x00,
    0x00, 0x00, 0x00, 0x00, 0x00, 0x00, 0x00, 0x00, 0x00, 0x00, 0x00, 0x00, 0x00, 0x00, 0x00, 0x00,
    0x00, 0x00, 0x00, 0x00, 0x00, 0x00, 0x00, 0x00, 0x00, 0x00, 0x00, 0x00, 0x00, 0x00, 0x00, 0x01,
    0x01, 0x01, 0x00, 0x00, 0x00, 0x00, 0x00, 0x00, 0x00, 0x00, 0x00, 0x00, 0x00, 0x00, 0x00, 0x00,
    0x00, 0x00, 0x00, 0x00, 0x00, 0x00, 0x00, 0x00, 0x00, 0x00, 0x00, 0x00, 0x00, 0x00, 0x00, 0x00,
    0x00, 0x00, 0x00, 0x00, 0x00, 0x00, 0x00, 0x00, 0x00, 0x00, 0x00, 0x00, 0x00, 0x00, 0x00, 0x01,
    0x02, 0x01, 0x03, 0x8d, 0x91, 0x1e, 0x02, 0x01, 0x00, 0x00, 0x00, 0x00, 0x00, 0x00, 0x00, 0x00,
    0x00, 0x00, 0x00, 0x00, 0x00, 0x00, 0x00, 0x00, 0x00, 0x00, 0x00, 0x00, 0x00, 0x00, 0x00, 0x00,
    0x00, 0x00, 0x00, 0x00, 0x00, 0x00, 0x00, 0x00, 0x00, 0x00, 0x00, 0x00, 0x00, 0x00, 0x00, 0x01,
    0x00, 0x00, 0x01, 0x0f, 0x42, 0x13, 0x79, 0xf4, 0xf3, 0xee, 0xb1, 0x99, 0x2b, 0x02, 0x00, 0x00,
    0x00, 0x00, 0x00, 0x00, 0x00, 0x00, 0x00, 0x00, 0x00, 0x00, 0x00, 0x00, 0x00, 0x00, 0x00, 0x00,
    0x00, 0x00, 0x00, 0x00, 0x00, 0x00, 0x00, 0x00, 0x00, 0x00, 0x00, 0x00, 0x00, 0x00, 0x00, 0x00,
    0x00, 0x00, 0x05, 0x0f, 0x02, 0x02, 0x13, 0xc8, 0xf7, 0xf1, 0xf4, 0xf2, 0xf1, 0xf2, 0xf1, 0xf2,
    0xe8, 0x5c, 0x01, 0x00, 0x00, 0x00, 0x00, 0x00, 0x00, 0x00, 0x00, 0x00, 0x00, 0x00, 0x00, 0x00,
    0x00, 0x00, 0x00, 0x00, 0x00, 0x00, 0x00, 0x00, 0x00, 0x00, 0x00, 0x00, 0x00, 0x00, 0x00, 0x00,
    0x00, 0x00, 0x00, 0x00, 0x00, 0x02, 0x42, 0xb8, 0x26, 0x3b, 0xd4, 0xf8, 0xf8, 0xf4, 0xf5, 0xe8,
    0xb5, 0xf2, 0xf2, 0xf2, 0xf2, 0xf5, 0x80, 0x01, 0x00, 0x00, 0x00, 0x00, 0x00, 0x00, 0x00, 0x00,
    0x00, 0x00, 0x00, 0x00, 0x00, 0x00, 0x00, 0x00, 0x00, 0x00, 0x00, 0x00, 0x00, 0x00, 0x00, 0x00,
    0x00, 0x00, 0x00, 0x00, 0x00, 0x00, 0x00, 0x00, 0x00, 0x02, 0x5c, 0xf8, 0xf7, 0xf6, 0xcf, 0x41,
    0x4e, 0x8a, 0x99, 0x66, 0x51, 0x47, 0xf7, 0xc6, 0x98, 0xa0, 0xe8, 0x94, 0x05, 0x00, 0x00, 0x00,
    0x00, 0x00, 0x00, 0x00, 0x00, 0x00, 0x00, 0x00, 0x00, 0x00, 0x00, 0x00, 0x00, 0x00, 0x00, 0x00,
    0x00, 0x00, 0x00, 0x00, 0x00, 0x00, 0x00, 0x00, 0x00, 0x00, 0x00, 0x00, 0x00, 0x01, 0x2f, 0xf3,
    0xf6, 0xe5, 0x4f, 0xf2, 0xf8, 0xde, 0xe8, 0xf7, 0xf7, 0xc6, 0x71, 0xac, 0xd3, 0x9b, 0x31, 0xf7,
    0x6e, 0x01, 0x00, 0x00, 0x00, 0x00, 0x00, 0x00, 0x00, 0x00, 0x00, 0x00, 0x00, 0x00, 0x00, 0x00,
    0x00, 0x00, 0x00, 0x00, 0x00, 0x00, 0x00, 0x00, 0x00, 0x00, 0x00, 0x00, 0x00, 0x00, 0x00, 0x00,
    0x00, 0x01, 0x18, 0x3e, 0x60, 0x3c, 0xde, 0xf2, 0xf3, 0xf2, 0xf3, 0xf3, 0xf5, 0xf2, 0xf8, 0xf2,
    0xf2, 0xf6, 0x27, 0xee, 0xca, 0x01, 0x00, 0x00, 0x00, 0x00, 0x00, 0x00, 0x00, 0x00, 0x00, 0x00,
    0x00, 0x00, 0x00, 0x00, 0x00, 0x00, 0x00, 0x00, 0x00, 0x00, 0x00, 0x00, 0x00, 0x00, 0x00, 0x00,
    0x00, 0x00, 0x00, 0x00, 0x00, 0x02, 0x41, 0x99, 0x76, 0xaa, 0x72, 0xf6, 0xf3, 0xf3, 0xf3, 0xf5,
    0x9f, 0xb3, 0xf5, 0xf3, 0xf4, 0xa1, 0x76, 0xf3, 0xeb, 0x04, 0x01, 0x00, 0x00, 0x00, 0x00, 0x00,
    0x00, 0x00, 0x00, 0x00, 0x00, 0x00, 0x00, 0x00, 0x00, 0x00, 0x00, 0x00, 0x00, 0x00, 0x00, 0x00,
    0x00, 0x00, 0x00, 0x00, 0x00, 0x00, 0x00, 0x00, 0x00, 0x00, 0x07, 0x2a, 0xe9, 0x9c, 0xc5, 0xf4,
    0xf3, 0xf3, 0xf3, 0xf3, 0xd5, 0x45, 0xe2, 0xf2, 0xf0, 0x88, 0x67, 0xdb, 0xec, 0x06, 0x01, 0x00,
    0x00, 0x00, 0x00, 0x00, 0x00, 0x00, 0x00, 0x00, 0x00, 0x00, 0x00, 0x00, 0x00, 0x00, 0x00, 0x00,
    0x00, 0x00, 0x00, 0x00, 0x00, 0x00, 0x00, 0x00, 0x00, 0x00, 0x00, 0x00, 0x00, 0x00, 0x02, 0x8e,
    0xf6, 0x98, 0xe7, 0xf2, 0xf0, 0xe9, 0xf3, 0xf4, 0xbe, 0xf8, 0xf4, 0xf3, 0xf4, 0xb1, 0x85, 0x62,
    0xb3, 0x02, 0x00, 0x00, 0x00, 0x00, 0x00, 0x00, 0x00, 0x00, 0x00, 0x00, 0x00, 0x00, 0x00, 0x00,
    0x00, 0x00, 0x00, 0x00, 0x00, 0x00, 0x00, 0x00, 0x00, 0x00, 0x00, 0x00, 0x00, 0x00, 0x00, 0x00,
    0x00, 0x00, 0x02, 0xe4, 0xf5, 0x23, 0xbb, 0xf3, 0x72, 0xb5, 0xf0, 0xdc, 0x03, 0xe3, 0xf2, 0xf3,
    0xf4, 0xc0, 0x7a, 0x80, 0x5e, 0x01, 0x00, 0x00, 0x00, 0x00, 0x00, 0x00, 0x00, 0x00, 0x00, 0x00,
    0x00, 0x00, 0x00, 0x00, 0x00, 0x00, 0x00, 0x00, 0x00, 0x00, 0x00, 0x00, 0x00, 0x00, 0x00, 0x00,
    0x00, 0x00, 0x00, 0x00, 0x00, 0x01, 0x0a, 0xeb, 0xf5, 0x98, 0xe6, 0xc6, 0x4b, 0xf6, 0xf2, 0xe3,
    0x17, 0xe2, 0xf2, 0xf3, 0xf4, 0xaa, 0x68, 0x7a, 0x2a, 0x01, 0x00, 0x00, 0x00, 0x00, 0x00, 0x00,
    0x00, 0x00, 0x00, 0x00, 0x00, 0x00, 0x00, 0x00, 0x00, 0x00, 0x00, 0x00, 0x00, 0x00, 0x00, 0x00,
    0x00, 0x00, 0x00, 0x00, 0x00, 0x00, 0x00, 0x00, 0x00, 0x01, 0x18, 0xf2, 0xf3, 0xf4, 0xf3, 0x48,
    0xe8, 0xf2, 0xf3, 0xf4, 0xf1, 0xf4, 0xf3, 0xf3, 0xf3, 0xba, 0xc9, 0xa8, 0x01, 0x00, 0x00, 0x00,
    0x00, 0x00, 0x00, 0x00, 0x00, 0x00, 0x00, 0x00, 0x00, 0x00, 0x00, 0x00, 0x00, 0x00, 0x00, 0x00,
    0x00, 0x00, 0x00, 0x00, 0x00, 0x00, 0x00, 0x00, 0x00, 0x00, 0x00, 0x00, 0x00, 0x01, 0x19, 0xf3,
    0xf3, 0xf3, 0xf4, 0x44, 0xdb, 0xf2, 0xf3, 0xf3, 0xf2, 0xf3, 0xf3, 0xf3, 0xf3, 0xf4, 0xf4, 0xf0,
    0x1d, 0x01, 0x00, 0x00, 0x00, 0x00, 0x00, 0x00, 0x00, 0x00, 0x00, 0x00, 0x00, 0x00, 0x00, 0x00,
    0x00, 0x00, 0x00, 0x00, 0x00, 0x00, 0x00, 0x00, 0x00, 0x00, 0x00, 0x00, 0x00, 0x00, 0x00, 0x00,
    0x00, 0x00, 0x02, 0xe3, 0xf2, 0xf0, 0xf1, 0xe1, 0xe1, 0xf1, 0xf4, 0xed, 0xd0, 0xf4, 0xf3, 0xf3,
    0xf3, 0xf3, 0xf3, 0xf7, 0x3b, 0x02, 0x00, 0x00, 0x00, 0x00, 0x00, 0x00, 0x00, 0x00, 0x00, 0x00,
    0x00, 0x00, 0x00, 0x00, 0x00, 0x00, 0x00, 0x00, 0x00, 0x00, 0x00, 0x00, 0x00, 0x00, 0x00, 0x00,
    0x00, 0x00, 0x00, 0x00, 0x00, 0x00, 0x02, 0xb3, 0x8d, 0x8a, 0xb2, 0xcb, 0xcd, 0xb6, 0x9e, 0x92,
    0x3a, 0xc4, 0xf3, 0xf3, 0xf3, 0xf4, 0xf8, 0xe3, 0x13, 0x01, 0x00, 0x00, 0x00, 0x00, 0x00, 0x00,
    0x00, 0x00, 0x00, 0x00, 0x00, 0x00, 0x00, 0x00, 0x00, 0x00, 0x00, 0x00, 0x00, 0x00, 0x00, 0x00,
    0x00, 0x00, 0x00, 0x00, 0x00, 0x00, 0x00, 0x00, 0x00, 0x00, 0x01, 0x52, 0x7e, 0x7b, 0xa3, 0xd0,
    0xd2, 0xd8, 0xeb, 0x8f, 0x5f, 0x95, 0xf3, 0xf3, 0xf2, 0xc3, 0x33, 0x11, 0x00, 0x00, 0x00, 0x00,
    0x00, 0x00, 0x00, 0x00, 0x00, 0x00, 0x00, 0x00, 0x00, 0x00, 0x00, 0x00, 0x00, 0x00, 0x00, 0x00,
    0x00, 0x00, 0x00, 0x00, 0x00, 0x00, 0x00, 0x00, 0x00, 0x00, 0x00, 0x00, 0x00, 0x00, 0x00, 0x03,
    0xbc, 0xf6, 0xc8, 0x90, 0x76, 0x6e, 0x7a, 0xcb, 0xf6, 0xf4, 0xf3, 0xf2, 0xf1, 0x2e, 0x03, 0x01,
    0x00, 0x00, 0x00, 0x00, 0x00, 0x00, 0x00, 0x00, 0x00, 0x00, 0x00, 0x00, 0x00, 0x00, 0x00, 0x00,
    0x00, 0x00, 0x00, 0x00, 0x00, 0x00, 0x00, 0x00, 0x00, 0x00, 0x00, 0x00, 0x00, 0x00, 0x00, 0x00,
    0x00, 0x00, 0x00, 0x01, 0x21, 0xe3, 0xf0, 0xf5, 0xf8, 0xf8, 0xf6, 0xf2, 0xf3, 0xf3, 0xf2, 0xf3,
    0x50, 0x02, 0x00, 0x00, 0x00, 0x00, 0x00, 0x00, 0x00, 0x00, 0x00, 0x00, 0x00, 0x00, 0x00, 0x00,
    0x00, 0x00, 0x00, 0x00, 0x00, 0x00, 0x00, 0x00, 0x00, 0x00, 0x00, 0x00, 0x00, 0x00, 0x00, 0x00,
    0x00, 0x00, 0x00, 0x00, 0x00, 0x00, 0x00, 0x00, 0x01, 0x26, 0xcb, 0xf7, 0xf2, 0xf3, 0xf3, 0xf3,
    0xf3, 0xf3, 0xe1, 0x8b, 0x44, 0x1b, 0x01, 0x00, 0x00, 0x00, 0x00, 0x00, 0x00, 0x00, 0x00, 0x00,
    0x00, 0x00, 0x00, 0x00, 0x00, 0x00, 0x00, 0x00, 0x00, 0x00, 0x00, 0x00, 0x00, 0x00, 0x00, 0x00,
    0x00, 0x00, 0x00, 0x00, 0x00, 0x00, 0x00, 0x00, 0x00, 0x00, 0x00, 0x00, 0x00, 0x01, 0x06, 0x59,
    0xae, 0xf0, 0xf7, 0xf7, 0xf3, 0xf3, 0xe4, 0xa7, 0x8d, 0xdc, 0x2a, 0x01, 0x00, 0x00, 0x00, 0x00,
    0x00, 0x00, 0x00, 0x00, 0x00, 0x00, 0x00, 0x00, 0x00, 0x00, 0x00, 0x00, 0x00, 0x00, 0x00, 0x00,
    0x00, 0x00, 0x00, 0x00, 0x00, 0x00, 0x00, 0x00, 0x00, 0x00, 0x00, 0x00, 0x00, 0x00, 0x00, 0x00,
    0x00, 0x01, 0x5f, 0xf2, 0x86, 0x1b, 0x5e, 0x93, 0xf5, 0xe7, 0x7c, 0x73, 0xf5, 0xf6, 0x3a, 0x33,
    0x01, 0x00, 0x00, 0x00, 0x00, 0x00, 0x00, 0x00, 0x00, 0x00, 0x00, 0x00, 0x00, 0x00, 0x00, 0x00,
    0x00, 0x00, 0x00, 0x00, 0x00, 0x00, 0x00, 0x00, 0x00, 0x00, 0x00, 0x00, 0x00, 0x00, 0x00, 0x00,
    0x00, 0x00, 0x00, 0x00, 0x00, 0x04, 0xda, 0xf1, 0xf4, 0xdb, 0x7e, 0x54, 0x4b, 0x4d, 0xb8, 0xf5,
    0xf2, 0xba, 0x34, 0xf1, 0x28, 0x01, 0x00, 0x00, 0x00, 0x00, 0x00, 0x00, 0x00, 0x00, 0x00, 0x00,
    0x00, 0x00, 0x00, 0x00, 0x00, 0x00, 0x00, 0x00, 0x00, 0x00, 0x00, 0x00, 0x00, 0x00, 0x00, 0x00,
    0x00, 0x00, 0x00, 0x00, 0x00, 0x00, 0x00, 0x00, 0x01, 0x8d, 0x48, 0xd3, 0xf5, 0xf2, 0xf6, 0xf8,
    0xf7, 0xf7, 0xf2, 0xf4, 0xce, 0x2b, 0xd4, 0xf1, 0xbd, 0x02, 0x00, 0x00, 0x00, 0x00, 0x00, 0x00,
    0x00, 0x00, 0x00, 0x00, 0x00, 0x00, 0x00, 0x00, 0x00, 0x00, 0x00, 0x00, 0x00, 0x00, 0x00, 0x00,
    0x00, 0x00, 0x00, 0x00, 0x00, 0x00, 0x00, 0x00, 0x00, 0x00, 0x00, 0x01, 0x1c, 0xf1, 0xe2, 0x3f,
    0xc5, 0xf2, 0xf3, 0xf3, 0xf7, 0xf7, 0xeb, 0x8a, 0x29, 0xcb, 0xf3, 0xf3, 0xf7, 0x40, 0x01, 0x00,
    0x00, 0x00, 0x00, 0x00, 0x00, 0x00, 0x00, 0x00, 0x00, 0x00, 0x00, 0x00, 0x00, 0x00, 0x00, 0x00,
    0x00, 0x00, 0x00, 0x00, 0x00, 0x00, 0x00, 0x00, 0x00, 0x00, 0x00, 0x00, 0x00, 0x00, 0x00, 0x01,
    0x67, 0xf6, 0xf7, 0x42, 0xde, 0xf2, 0xf2, 0xe6, 0x2c, 0x44, 0x4f, 0x96, 0xeb, 0xf2, 0xf3, 0xf3,
    0xf2, 0xa4, 0x01, 0x00, 0x00, 0x00, 0x00, 0x00, 0x00, 0x00, 0x00, 0x00, 0x00, 0x00, 0x00, 0x00,
    0x00, 0x00, 0x00, 0x00, 0x00, 0x00, 0x00, 0x00, 0x00, 0x00, 0x00, 0x00, 0x00, 0x00, 0x00, 0x00,
    0x00, 0x00, 0x00, 0x02, 0xad, 0xf1, 0xee, 0x2e, 0xf6, 0xf3, 0xf1, 0xb1, 0x5d, 0xfa, 0xf7, 0xf3,
    0xf3, 0xf3, 0xf3, 0xf3, 0xf2, 0xe0, 0x04, 0x00, 0x00, 0x00, 0x00, 0x00, 0x00, 0x00, 0x00, 0x00,
    0x00, 0x00, 0x00, 0x00, 0x00, 0x00, 0x00, 0x00, 0x00, 0x00, 0x00, 0x00, 0x00, 0x00, 0x00, 0x00,
    0x00, 0x00, 0x00, 0x00, 0x00, 0x00, 0x00, 0x02, 0xd4, 0xf0, 0xd0, 0x5c, 0xf8, 0xf3, 0xf5, 0x7a,
    0x9f, 0xf2, 0xf3, 0xf3, 0xf3, 0xf3, 0xf3, 0xf3, 0xf3, 0xf5, 0x17, 0x01, 0x00, 0x00, 0x00, 0x00,
    0x00, 0x00, 0x00, 0x00, 0x00, 0x00, 0x00, 0x00, 0x00, 0x00, 0x00, 0x00, 0x00, 0x00, 0x00, 0x00,
    0x00, 0x00, 0x00, 0x00, 0x00, 0x00, 0x00, 0x00, 0x00, 0x00, 0x00, 0x01, 0xd9, 0xf0, 0xad, 0x86,
    0xf3, 0xf3, 0xf7, 0x55, 0xc8, 0xf2, 0xf3, 0xf3, 0xf3, 0xf3, 0xf3, 0xf3, 0xf3, 0xf7, 0x39, 0x02,
    0x00, 0x00, 0x00, 0x00, 0x00, 0x00, 0x00, 0x00, 0x00, 0x00, 0x00, 0x00, 0x00, 0x00, 0x00, 0x00,
    0x00, 0x00, 0x00, 0x00, 0x00, 0x00, 0x00, 0x00, 0x00, 0x00, 0x00, 0x00, 0x00, 0x00, 0x00, 0x02,
    0xd7, 0xf2, 0x83, 0xa1, 0xf2, 0xf3, 0xf7, 0x3c, 0xda, 0xf2, 0xf3, 0xf3, 0xf3, 0xf3, 0xf3, 0xf3,
    0xf3, 0xf7, 0x47, 0x02, 0x00, 0x00, 0x00, 0x00, 0x00, 0x00, 0x00, 0x00, 0x00, 0x00, 0x00, 0x00,
    0x00, 0x00, 0x00, 0x00, 0x00, 0x00, 0x00, 0x00, 0x00, 0x00, 0x00, 0x00, 0x00, 0x00, 0x00, 0x00,
    0x00, 0x00, 0x00, 0x02, 0xc2, 0xf5, 0x67, 0xc1, 0xf2, 0xf3, 0xf8, 0x30, 0xe5, 0xf2, 0xf3, 0xf3,
    0xf3, 0xf3, 0xf3, 0xf3, 0xf3, 0xf8, 0x56, 0x01, 0x00, 0x00, 0x00, 0x00, 0x00, 0x00, 0x00, 0x00,
    0x00, 0x00, 0x00, 0x00, 0x00, 0x00, 0x00, 0x00, 0x00, 0x00, 0x00, 0x00, 0x00, 0x00, 0x00, 0x00,
    0x00, 0x00, 0x00, 0x00, 0x00, 0x00, 0x00, 0x02, 0x9e, 0xf6, 0x51, 0xd6, 0xf1, 0xf3, 0xf7, 0x2a,
    0xf2, 0xf3, 0xf4, 0xf3, 0xf3, 0xf3, 0xf3, 0xf3, 0xf3, 0xf7, 0x5c, 0x01, 0x00, 0x00, 0x00, 0x00,
    0x00, 0x00, 0x00, 0x00, 0x00, 0x00, 0x00, 0x00, 0x00, 0x00, 0x00, 0x00, 0x00, 0x00, 0x00, 0x00,
    0x00, 0x00, 0x00, 0x00, 0x00, 0x00, 0x00, 0x00, 0x00, 0x00, 0x00, 0x00, 0x6e, 0xfb, 0x4e, 0xdf,
    0xf2, 0xf3, 0xf7, 0x2c, 0xf7, 0x98, 0xca, 0xf2, 0xf3, 0xf3, 0xf3, 0xf3, 0xf3, 0xf7, 0x49, 0x02,
    0x00, 0x00, 0x00, 0x00, 0x00, 0x00, 0x00, 0x00, 0x00, 0x00, 0x00, 0x00, 0x00, 0x00, 0x00, 0x00,
    0x00, 0x00, 0x00, 0x00, 0x00, 0x00, 0x00, 0x00, 0x00, 0x00, 0x00, 0x00, 0x00, 0x00, 0x00, 0x02,
    0x3d, 0xff, 0x4a, 0xe1, 0xf2, 0xf3, 0xf7, 0x2b, 0xf6, 0x96, 0xb7, 0xf1, 0xf3, 0xf3, 0xf3, 0xf3,
    0xf3, 0xf7, 0x27, 0x02, 0x00, 0x00, 0x00, 0x00, 0x00, 0x00, 0x00, 0x00, 0x00, 0x00, 0x00, 0x00,
    0x00, 0x00, 0x00, 0x00, 0x00, 0x00, 0x00, 0x00, 0x00, 0x00, 0x00, 0x00, 0x00, 0x00, 0x00, 0x00,
    0x00, 0x00, 0x00, 0x01, 0x0f, 0xf2, 0x49, 0xe1, 0xf2, 0xf3, 0xf6, 0x2d, 0xf6, 0x98, 0xb9, 0xf1,
    0xf3, 0xf3, 0xf3, 0xf3, 0xf2, 0xe0, 0x05, 0x00, 0x00, 0x00, 0x00, 0x00, 0x00, 0x00, 0x00, 0x00,
    0x00, 0x00, 0x00, 0x00, 0x00, 0x00, 0x00, 0x00, 0x00, 0x00, 0x00, 0x00, 0x00, 0x00, 0x00, 0x00,
    0x00, 0x00, 0x00, 0x00, 0x00, 0x00, 0x00, 0x00, 0x01, 0xd1, 0x47, 0xdf, 0xf2, 0xf3, 0xf7, 0x34,
    0xf8, 0x91, 0xca, 0xf2, 0xf3, 0xf3, 0xf3, 0xf3, 0xf2, 0xa6, 0x04, 0x00, 0x00, 0x00, 0x00, 0x00,
    0x00, 0x00, 0x00, 0x00, 0x00, 0x00, 0x00, 0x00, 0x00, 0x00, 0x00, 0x00, 0x00, 0x00, 0x00, 0x00,
    0x00, 0x00, 0x00, 0x00, 0x00, 0x00, 0x00, 0x00, 0x00, 0x00, 0x00, 0x00, 0x02, 0xa2, 0x54, 0xdc,
    0xf2, 0xf3, 0xf7, 0x34, 0xfa, 0x70, 0xe2, 0xf2, 0xf3, 0xf3, 0xf3, 0xf3, 0xf7, 0x67, 0x37, 0x03,
    0x00, 0x00, 0x00, 0x00, 0x00, 0x00, 0x00, 0x00, 0x00, 0x00, 0x00, 0x00, 0x00, 0x00, 0x00, 0x00,
    0x00, 0x00, 0x00, 0x00, 0x00, 0x00, 0x00, 0x00, 0x00, 0x00, 0x00, 0x00, 0x00, 0x00, 0x00, 0x00,
    0x01, 0x25, 0x11, 0xd7, 0xf2, 0xf3, 0xf7, 0x3c, 0xe6, 0x60, 0xee, 0xf3, 0xf3, 0xf3, 0xf3, 0xf3,
    0xf0, 0x5f, 0x33, 0x2e, 0x03, 0x00, 0x00, 0x00, 0x00, 0x00, 0x00, 0x00, 0x00, 0x00, 0x00, 0x00,
    0x00, 0x00, 0x00, 0x00, 0x00, 0x00, 0x00, 0x00, 0x00, 0x00, 0x00, 0x00, 0x00, 0x00, 0x00, 0x00,
    0x00, 0x00, 0x00, 0x00, 0x01, 0x9c, 0xe8, 0xf3, 0xf3, 0xf3, 0xf3, 0xca, 0x62, 0x31, 0xf8, 0xf3,
    0xf3, 0xf3, 0xf3, 0xf2, 0xa4, 0x9a, 0x1a, 0xab, 0x82, 0x01, 0x00, 0x00, 0x00, 0x00, 0x00, 0x00,
    0x00, 0x00, 0x00, 0x00, 0x00, 0x00, 0x00, 0x00, 0x00, 0x00, 0x00, 0x00, 0x00, 0x00, 0x00, 0x00,
    0x00, 0x00, 0x00, 0x00, 0x00, 0x00, 0x00, 0x00, 0x01, 0x58, 0xf7, 0xf2, 0xf3, 0xf3, 0xf3, 0xf2,
    0xf5, 0x5c, 0xf8, 0xf3, 0xf3, 0xf3, 0xf3, 0xf7, 0x4b, 0x45, 0x29, 0xdb, 0x8f, 0x04, 0x00, 0x00,
    0x00, 0x00, 0x00, 0x00, 0x00, 0x00, 0x00, 0x00, 0x00, 0x00, 0x00, 0x00, 0x00, 0x00, 0x00, 0x00,
    0x00, 0x00, 0x00, 0x00, 0x00, 0x00, 0x00, 0x00, 0x00, 0x00, 0x00, 0x00, 0x00, 0x12, 0x59, 0xd8,
    0xf6, 0xf2, 0xf3, 0xf2, 0xce, 0x83, 0xf4, 0xf3, 0xf3, 0xf3, 0xf2, 0xcb, 0x38, 0xdd, 0x5a, 0x89,
    0x58, 0x02, 0x00, 0x00, 0x00, 0x00, 0x00, 0x00, 0x00, 0x00, 0x00, 0x00, 0x00, 0x00, 0x00, 0x00,
    0x00, 0x00, 0x00, 0x00, 0x00, 0x00, 0x00, 0x00, 0x00, 0x00, 0x00, 0x00, 0x00, 0x00, 0x00, 0x00,
    0x02, 0x2f, 0xdc, 0x56, 0x60, 0xc9, 0xf7, 0xf7, 0x85, 0xc4, 0xf1, 0xf3, 0xf3, 0xf3, 0xf6, 0x63,
    0xed, 0xf2, 0x8e, 0x88, 0x34, 0x01, 0x00, 0x00, 0x00, 0x00, 0x00, 0x00, 0x00, 0x00, 0x00, 0x00,
    0x00, 0x00, 0x00, 0x00, 0x00, 0x00, 0x00, 0x00, 0x00, 0x00, 0x00, 0x00, 0x00, 0x00, 0x00, 0x00,
    0x00, 0x00, 0x00, 0x00, 0x02, 0x28, 0xf6, 0xf6, 0xda, 0x7c, 0x50, 0x55, 0x40, 0xf5, 0xf3, 0xf3,
    0xf3, 0xf2, 0xcd, 0x7b, 0xf4, 0xf1, 0xb9, 0x02, 0x01, 0x00, 0x00, 0x00, 0x00, 0x00, 0x00, 0x00,
    0x00, 0x00, 0x00, 0x00, 0x00, 0x00, 0x00, 0x00, 0x00, 0x00, 0x00, 0x00, 0x00, 0x00, 0x00, 0x00,
    0x00, 0x00, 0x00, 0x00, 0x00, 0x00, 0x00, 0x00, 0x02, 0x3c, 0xf8, 0xf3, 0xf3, 0xfa, 0xfe, 0xd5,
    0x39, 0xf3, 0xf4, 0xf1, 0xf3, 0xf9, 0x53, 0xe4, 0xf2, 0xf2, 0xd8, 0x01, 0x00, 0x00, 0x00, 0x00,
    0x00, 0x00, 0x00, 0x00, 0x00, 0x00, 0x00, 0x00, 0x00, 0x00, 0x00, 0x00, 0x00, 0x00, 0x00, 0x00,
    0x00, 0x00, 0x00, 0x00, 0x00, 0x00, 0x00, 0x00, 0x00, 0x00, 0x00, 0x00, 0x01, 0x56, 0xf7, 0xf1,
    0x8b, 0x62, 0x54, 0x7f, 0xb6, 0x4f, 0x85, 0xab, 0x92, 0x57, 0x96, 0xf5, 0xf3, 0xf2, 0xe4, 0x00,
    0x00, 0x00, 0x00, 0x00, 0x00, 0x00, 0x00, 0x00, 0x00, 0x00, 0x00, 0x00, 0x00, 0x00, 0x00, 0x00,
    0x00, 0x00, 0x00, 0x00, 0x00, 0x00, 0x00, 0x00, 0x00, 0x00, 0x00, 0x00, 0x00, 0x00, 0x00, 0x00,
    0x01, 0x80, 0xf3, 0xe5, 0x56, 0xea, 0xfb, 0xf8, 0xf1, 0xf5, 0xc7, 0xaa, 0xcd, 0x77, 0xf6, 0xf3,
    0xf3, 0xf2, 0xe6, 0x00, 0x00, 0x00, 0x00, 0x00, 0x00, 0x00, 0x00, 0x00, 0x00, 0x00, 0x00, 0x00,
    0x00, 0x00, 0x00, 0x00, 0x00, 0x00, 0x00, 0x00, 0x00, 0x00, 0x00, 0x00, 0x00, 0x00, 0x00, 0x00,
    0x00, 0x00, 0x00, 0x00, 0x02, 0xac, 0xf2, 0xf4, 0xd7, 0x7a, 0x47, 0x80, 0xf4, 0xf3, 0xf1, 0xf0,
    0xc6, 0xa4, 0xf2, 0xf3, 0xf3, 0xf2, 0xe6, 0x00, 0x00, 0x00, 0x00, 0x00, 0x00, 0x00, 0x00, 0x00,
    0x00, 0x00, 0x00, 0x00, 0x00, 0x00, 0x00, 0x00, 0x00, 0x00, 0x00, 0x00, 0x00, 0x00, 0x00, 0x00,
    0x00, 0x00, 0x00, 0x00, 0x00, 0x00, 0x00, 0x00, 0x02, 0xd6, 0xf2, 0xf3, 0xf1, 0xdc, 0x66, 0xf3,
    0xe4, 0xd0, 0xe2, 0xf0, 0x6a, 0xed, 0xf3, 0xf3, 0xf3, 0xf2, 0xe0, 0x00, 0x00, 0x00, 0x00, 0x00,
    0x00, 0x00, 0x00, 0x00, 0x00, 0x00, 0x00, 0x00, 0x00, 0x00, 0x00, 0x00, 0x00, 0x00, 0x00, 0x00,
    0x00, 0x00, 0x00, 0x00, 0x00, 0x00, 0x00, 0x00, 0x00, 0x00, 0x00, 0x01, 0x15, 0xf2, 0xf3, 0xf2,
    0xef, 0x56, 0xef, 0xed, 0x7b, 0xed, 0x7a, 0xac, 0x9b, 0xf3, 0xf3, 0xf3, 0xf3, 0xf1, 0xb9, 0x02,
    0x00, 0x00, 0x00, 0x00, 0x00, 0x00, 0x00, 0x00, 0x00, 0x00, 0x00, 0x00, 0x00, 0x00, 0x00, 0x00,
    0x00, 0x00, 0x00, 0x00, 0x00, 0x00, 0x00, 0x00, 0x00, 0x00, 0x00, 0x00, 0x00, 0x00, 0x00, 0x02,
    0x3f, 0xf7, 0xf3, 0xf5, 0x6a, 0xd7, 0xd6, 0x6a, 0xe1, 0x73, 0x95, 0x76, 0xf5, 0xf3, 0xf3, 0xf3,
    0xf3, 0xf5, 0x74, 0x01, 0x00, 0x00, 0x00, 0x00, 0x00, 0x00, 0x00, 0x00, 0x00, 0x00, 0x00, 0x00,
    0x00, 0x00, 0x00, 0x00, 0x00, 0x00, 0x00, 0x00, 0x00, 0x00, 0x00, 0x00, 0x00, 0x00, 0x00, 0x00,
    0x00, 0x00, 0x00, 0x00, 0x71, 0xf6, 0xf3, 0xf2, 0x58, 0x80, 0x4c, 0x46, 0x5a, 0x2c, 0x96, 0xf5,
    0xf3, 0xf3, 0xf3, 0xf3, 0xf2, 0xeb, 0x3f, 0x24, 0x01, 0x00, 0x00, 0x00, 0x00, 0x00, 0x00, 0x00,
    0x00, 0x00, 0x00, 0x00, 0x00, 0x00, 0x00, 0x00, 0x00, 0x00, 0x00, 0x00, 0x00, 0x00, 0x00, 0x00,
    0x00, 0x00, 0x00, 0x00, 0x00, 0x00, 0x00, 0x02, 0xaa, 0xf2, 0xf3, 0xf4, 0xc3, 0xdf, 0xf7, 0xf7,
    0xf8, 0x6e, 0xe7, 0xf2, 0xf3, 0xf3, 0xf3, 0xf3, 0xf5, 0x67, 0xa8, 0xd3, 0x0b, 0x01, 0x00, 0x00,
    0x00, 0x00, 0x00, 0x00, 0x00, 0x00, 0x00, 0x00, 0x00, 0x00, 0x00, 0x00, 0x00, 0x00, 0x00, 0x00,
    0x00, 0x00, 0x00, 0x00, 0x00, 0x00, 0x00, 0x00, 0x00, 0x00, 0x00, 0x04, 0xdd, 0xf2, 0xf3, 0xf3,
    0xf2, 0xf2, 0xf3, 0xf3, 0xf3, 0x8f, 0x7c, 0xf4, 0xf3, 0xf3, 0xf3, 0xf2, 0xd0, 0x62, 0xf5, 0xf5,
    0x72, 0x01, 0x00, 0x00, 0x00, 0x00, 0x00, 0x00, 0x00, 0x00, 0x00, 0x00, 0x00, 0x00, 0x00, 0x00,
    0x00, 0x00, 0x00, 0x00, 0x00, 0x00, 0x00, 0x00, 0x00, 0x00, 0x00, 0x00, 0x00, 0x00, 0x02, 0x26,
    0xf6, 0xf3, 0xf3, 0xf3, 0xf3, 0xf3, 0xf3, 0xf3, 0xf7, 0x51, 0x11, 0xe5, 0xf2, 0xf3, 0xf3, 0xf3,
    0xf4, 0xf6, 0xf3, 0xf2, 0xcf, 0x01, 0x00, 0x00, 0x00, 0x00, 0x00, 0x00, 0x00, 0x00, 0x00, 0x00,
    0x00, 0x00, 0x00, 0x00, 0x00, 0x00, 0x00, 0x00, 0x00, 0x00, 0x00, 0x00, 0x00, 0x00, 0x00, 0x00,
    0x00, 0x00, 0x01, 0x62, 0xf6, 0xf3, 0xf3, 0xf3, 0xf3, 0xf3, 0xf3, 0xf2, 0xdd, 0x07, 0x02, 0x63,
    0xf5, 0xf3, 0xf3, 0xf3, 0xf3, 0xf3, 0xf3, 0xf3, 0xf3, 0x14, 0x01, 0x00, 0x00, 0x00, 0x00, 0x00,
    0x00, 0x00, 0x00, 0x00, 0x00, 0x00, 0x00, 0x00, 0x00, 0x00, 0x00, 0x00, 0x00, 0x00, 0x00, 0x00,
    0x00, 0x01, 0x01, 0x01, 0x00, 0x00, 0x02, 0xaf, 0xf2, 0xf3, 0xf3, 0xf3, 0xf3, 0xf3, 0xf3, 0xf4,
    0x86, 0x02, 0x00, 0x03, 0xbc, 0xf2, 0xf3, 0xf3, 0xf3, 0xf3, 0xf3, 0xf3, 0xf7, 0x23, 0x02, 0x00,
    0x00, 0x00, 0x00, 0x00, 0x00, 0x00, 0x00, 0x00, 0x00, 0x00, 0x00, 0x00, 0x00, 0x00, 0x00, 0x00,
    0x00, 0x00, 0x00, 0x00, 0x01, 0x36, 0x74, 0x48, 0x03, 0x02, 0x0d, 0xec, 0xf2, 0xf3, 0xf3, 0xf3,
    0xf3, 0xf3, 0xf3, 0xef, 0x1c, 0x01, 0x00, 0x01, 0x28, 0xf0, 0xf3, 0xf3, 0xf3, 0xf3, 0xf3, 0xf3,
    0xf7, 0x1d, 0x01, 0x00, 0x00, 0x00, 0x00, 0x00, 0x00, 0x00, 0x00, 0x00, 0x00, 0x00, 0x00, 0x00,
    0x00, 0x00, 0x00, 0x00, 0x00, 0x00, 0x00, 0x00, 0x02, 0xc0, 0xf3, 0xf7, 0xc7, 0x21, 0x54, 0xf7,
    0xf3, 0xf3, 0xf3, 0xf3, 0xf3, 0xf3, 0xf4, 0x88, 0x02, 0x00, 0x00, 0x00, 0x02, 0x78, 0xf5, 0xf3,
    0xf3, 0xf3, 0xf3, 0xf2, 0xe5, 0x2d, 0x01, 0x00, 0x00, 0x00, 0x00, 0x00, 0x00, 0x00, 0x00, 0x00,
    0x00, 0x00, 0x00, 0x00, 0x00, 0x00, 0x00, 0x00, 0x00, 0x00, 0x00, 0x00, 0x02, 0xbd, 0xf1, 0xf3,
    0xf2, 0xd6, 0x2a, 0x8d, 0xf5, 0xf3, 0xf3, 0xf3, 0xf3, 0xf2, 0xe7, 0x13, 0x01, 0x00, 0x00, 0x00,
    0x00, 0x05, 0xc0, 0xf2, 0xf3, 0xf3, 0xf3, 0xf3, 0x9c, 0xb0, 0x24, 0x02, 0x00, 0x00, 0x00, 0x00,
    0x00, 0x00, 0x00, 0x00, 0x00, 0x00, 0x00, 0x00, 0x00, 0x00, 0x00, 0x00, 0x00, 0x00, 0x00, 0x00,
    0x01, 0x6e, 0xf6, 0xf3, 0xf3, 0xf4, 0x9e, 0x74, 0x6f, 0xf5, 0xf2, 0xf3, 0xf3, 0xf5, 0x70, 0x02,
    0x00, 0x00, 0x00, 0x00, 0x00, 0x01, 0x1c, 0xe3, 0xf2, 0xf3, 0xf2, 0xf5, 0x41, 0xf7, 0x50, 0x02,
    0x00, 0x00, 0x00, 0x00, 0x00, 0x00, 0x00, 0x00, 0x00, 0x00, 0x00, 0x00, 0x00, 0x00, 0x00, 0x00,
    0x00, 0x00, 0x00, 0x00, 0x01, 0x10, 0xea, 0xf2, 0xf3, 0xf3, 0xf5, 0x6d, 0xbc, 0x69, 0xf5, 0xf3,
    0xf2, 0xcf, 0x07, 0x01, 0x00, 0x00, 0x00, 0x00, 0x00, 0x00, 0x01, 0x31, 0xe2, 0xf8, 0xe8, 0x69,
    0xbc, 0x89, 0x07, 0x00, 0x00, 0x00, 0x00, 0x00, 0x00, 0x00, 0x00, 0x00, 0x00, 0x00, 0x00, 0x00,
    0x00, 0x00, 0x00, 0x00, 0x00, 0x00, 0x00, 0x00, 0x00, 0x01, 0x7d, 0xf4, 0xf3, 0xf3, 0xf2, 0xe5,
    0x75, 0xcf, 0x7d, 0xf4, 0xf5, 0x3b, 0x02, 0x00, 0x00, 0x00, 0x00, 0x00, 0x00, 0x00, 0x01, 0x7f,
    0x5e, 0x65, 0x71, 0xd4, 0xf8, 0x46, 0x02, 0x00, 0x00, 0x00, 0x00, 0x00, 0x00, 0x00, 0x00, 0x00,
    0x00, 0x00, 0x00, 0x00, 0x00, 0x00, 0x00, 0x00, 0x00, 0x00, 0x00, 0x00, 0x00, 0x01, 0x09, 0xcd,
    0xf2, 0xf3, 0xf3, 0xf6, 0x7b, 0xdf, 0xb0, 0xb1, 0x90, 0x02, 0x00, 0x00, 0x00, 0x00, 0x00, 0x00,
    0x00, 0x01, 0x1f, 0xf0, 0xf6, 0xf7, 0xf6, 0xf1, 0xda, 0x08, 0x01, 0x00, 0x00, 0x00, 0x00, 0x00,
    0x00, 0x00, 0x00, 0x00, 0x00, 0x00, 0x00, 0x00, 0x00, 0x00, 0x00, 0x00, 0x00, 0x00, 0x00, 0x00,
    0x00, 0x00, 0x01, 0x20, 0xe4, 0xf2, 0xf4, 0x93, 0x6d, 0x8f, 0xf5, 0x7c, 0x0f, 0x01, 0x00, 0x00,
    0x00, 0x00, 0x00, 0x00, 0x00, 0x01, 0x98, 0xf3, 0xf3, 0xf3, 0xf3, 0xf6, 0x59, 0x02, 0x00, 0x00,
    0x00, 0x00, 0x00, 0x00, 0x00, 0x00, 0x00, 0x00, 0x00, 0x00, 0x00, 0x00, 0x00, 0x00, 0x00, 0x00,
    0x00, 0x00, 0x00, 0x00, 0x00, 0x00, 0x00, 0x01, 0x35, 0x9b, 0x66, 0xc3, 0xfa, 0x69, 0xf5, 0x30,
    0x01, 0x00, 0x00, 0x00, 0x00, 0x00, 0x00, 0x00, 0x01, 0x14, 0xef, 0xf1, 0xf2, 0xf1, 0xf6, 0x8a,
    0x01, 0x00, 0x00, 0x00, 0x00, 0x00, 0x00, 0x00, 0x00, 0x00, 0x00, 0x00, 0x00, 0x00, 0x00, 0x00,
    0x00, 0x00, 0x00, 0x00, 0x00, 0x00, 0x00, 0x00, 0x00, 0x00, 0x00, 0x00, 0x01, 0x26, 0xe4, 0xf2,
    0xf6, 0x79, 0x69, 0x02, 0x00, 0x00, 0x00, 0x00, 0x00, 0x00, 0x00, 0x00, 0x01, 0x0a, 0x8d, 0xc3,
    0xd8, 0xc3, 0x55, 0x01, 0x00, 0x00, 0x00, 0x00, 0x00, 0x00, 0x00, 0x00, 0x00, 0x00, 0x00, 0x00,
    0x00, 0x00, 0x00, 0x00, 0x00, 0x00, 0x00, 0x00, 0x00, 0x00, 0x00, 0x00, 0x00, 0x00, 0x00, 0x00,
    0x00, 0x00, 0x14, 0x8f, 0xce, 0x37, 0x01, 0x00, 0x00, 0x00, 0x00, 0x00, 0x00, 0x00, 0x00, 0x00,
    0x00, 0x00, 0x01, 0x02, 0x01, 0x02, 0x01, 0x00, 0x00, 0x00, 0x00, 0x00, 0x00, 0x00, 0x00, 0x00,
    0x00, 0x00, 0x00, 0x00, 0x00, 0x00, 0x00, 0x00, 0x00, 0x00, 0x00, 0x00, 0x00, 0x00, 0x00, 0x00,
    0x00, 0x00, 0x00, 0x00, 0x00, 0x00, 0x01, 0x01, 0x02, 0x00, 0x00, 0x00, 0x00, 0x00, 0x00, 0x00,
    0x00, 0x00, 0x00, 0x00, 0x00, 0x00, 0x00, 0x00, 0x00, 0x00, 0x00, 0x00, 0x00, 0x00, 0x00, 0x00,
    0x00, 0x00, 0x00, 0x00, 0x00, 0x00, 0x00, 0x00, 0x00, 0x00, 0x00, 0x00, 0x00, 0x00, 0x00, 0x00,
    0x00, 0x00, 0x00, 0x00, 0x00, 0x00, 0x00, 0x00, 0x00, 0x00, 0x00, 0x00, 0x00, 0x00, 0x00, 0x00,
    0x00, 0x00, 0x00, 0x00, 0x00, 0x00, 0x00, 0x00, 0x00, 0x00, 0x00, 0x00, 0x00, 0x00, 0x00, 0x00,
    0x00, 0x00, 0x00, 0x00, 0x00, 0x00, 0x00, 0x00, 0x00, 0x00, 0x00, 0x00, 0x00, 0x00, 0x00, 0x00,
    0x00, 0x00, 0x00, 0x00, 0x00, 0x00, 0x00, 0x00, 0x00, 0x00, 0x00, 0x00, 0x00, 0x00, 0x00, 0x00,
    0x00, 0x00, 0x00, 0x00, 0x00, 0x00, 0x00, 0x00, 0x00, 0x00, 0x00, 0x00, 0x00, 0x00, 0x00, 0x00,
    0x00, 0x00, 0x00, 0x00, 0x00, 0x00, 0x00, 0x00, 0x00, 0x00, 0x00, 0x00, 0x00, 0x00, 0x00, 0x00,
    0x00, 0x00, 0x00, 0x00, 0x00, 0x00, 0x00, 0x00, 0x00, 0x00, 0x00, 0x00, 0x00, 0x00, 0x00, 0x00,
    0x00, 0x00, 0x00, 0x00, 0x00, 0x00, 0x00, 0x00, 0x00, 0x00, 0x00, 0x00, 0x00, 0x00, 0x00, 0x00,
    0x00, 0x00, 0x00, 0x00, 0x00, 0x00, 0x00, 0x00, 0x00, 0x00, 0x00, 0x00, 0x00, 0x00, 0x00, 0x00,
    0x00, 0x00, 0x00, 0x00, 0x00, 0x00, 0x00, 0x00, 0x00, 0x00, 0x00, 0x00, 0x00, 0x00, 0x00, 0x00,
    0x00, 0x00, 0x00, 0x00, 0x00, 0x00, 0x00, 0x00, 0x00, 0x00, 0x00, 0x00, 0x00, 0x00, 0x00, 0x00,
    0x00, 0x00, 0x00, 0x00, 0x00, 0x00, 0x00, 0x00, 0x00, 0x00, 0x00, 0x00, 0x00, 0x00, 0x00, 0x00,
    0x00, 0x00, 0x00, 0x00, 0x00, 0x00, 0x00, 0x00, 0x00, 0x00, 0x00, 0x00,
};

const lv_image_dsc_t pipboy_frame_4 = {
    .header = {
        .magic = LV_IMAGE_HEADER_MAGIC,
        .cf = LV_COLOR_FORMAT_A8,
        .flags = 0,
        .w = 52,
        .h = 75,
        .stride = 52,
        .reserved_2 = 0,
    },
    .data_size = sizeof(pipboy_frame_4_map),
    .data = pipboy_frame_4_map,
    .reserved = NULL,
};

const LV_ATTRIBUTE_MEM_ALIGN LV_ATTRIBUTE_LARGE_CONST uint8_t pipboy_frame_5_map[] = {
    0x00, 0x00, 0x00, 0x00, 0x00, 0x00, 0x00, 0x00, 0x00, 0x00, 0x00, 0x00, 0x00, 0x00, 0x00, 0x00,
    0x00, 0x00, 0x00, 0x00, 0x00, 0x00, 0x00, 0x00, 0x00, 0x00, 0x00, 0x00, 0x00, 0x00, 0x00, 0x00,
    0x00, 0x00, 0x00, 0x00, 0x00, 0x00, 0x00, 0x00, 0x00, 0x00, 0x00, 0x00, 0x00, 0x00, 0x00, 0x00,
    0x00, 0x00, 0x00, 0x00, 0x00, 0x00, 0x00, 0x00, 0x00, 0x00, 0x00, 0x00, 0x00, 0x00, 0x00, 0x00,
    0x00, 0x00, 0x00, 0x00, 0x00, 0x00, 0x00, 0x00, 0x00, 0x00, 0x00, 0x01, 0x01, 0x00, 0x00, 0x00,
    0x00, 0x00, 0x00, 0x00, 0x00, 0x00, 0x00, 0x00, 0x00, 0x00, 0x00, 0x00, 0x00, 0x00, 0x00, 0x00,
    0x00, 0x00, 0x00, 0x00, 0x00, 0x00, 0x00, 0x00, 0x00, 0x00, 0x00, 0x00, 0x00, 0x00, 0x00, 0x00,
    0x00, 0x00, 0x00, 0x00, 0x00, 0x00, 0x00, 0x00, 0x00, 0x00, 0x00, 0x00, 0x01, 0x00, 0x01, 0x49,
    0x4c, 0x02, 0x01, 0x02, 0x01, 0x00, 0x00, 0x00, 0x00, 0x00, 0x00, 0x00, 0x00, 0x00, 0x00, 0x00,
    0x00, 0x00, 0x00, 0x00, 0x00, 0x00, 0x00, 0x00, 0x00, 0x00, 0x00, 0x00, 0x00, 0x00, 0x00, 0x00,
    0x00, 0x00, 0x00, 0x00, 0x00, 0x00, 0x00, 0x00, 0x00, 0x00, 0x00, 0x00, 0x00, 0x00, 0x00, 0x01,
    0x07, 0x02, 0x44, 0xf8, 0xf7, 0xc8, 0x63, 0x53, 0x0f, 0x01, 0x00, 0x00, 0x00, 0x00, 0x00, 0x00,
    0x00, 0x00, 0x00, 0x00, 0x00, 0x00, 0x00, 0x00, 0x00, 0x00, 0x00, 0x00, 0x00, 0x00, 0x00, 0x00,
    0x00, 0x00, 0x00, 0x00, 0x00, 0x00, 0x00, 0x00, 0x00, 0x00, 0x00, 0x00, 0x00, 0x00, 0x00, 0x01,
    0x00, 0x01, 0x01, 0x8f, 0xea, 0xbf, 0xe8, 0xf2, 0xf3, 0xf2, 0xf7, 0xf7, 0xc8, 0x22, 0x01, 0x00,
    0x00, 0x00, 0x00, 0x00, 0x00, 0x00, 0x00, 0x00, 0x00, 0x00, 0x00, 0x00, 0x00, 0x00, 0x00, 0x00,
    0x00, 0x00, 0x00, 0x00, 0x00, 0x00, 0x00, 0x00, 0x00, 0x00, 0x00, 0x00, 0x00, 0x00, 0x00, 0x00,
    0x00, 0x01, 0x2c, 0x7e, 0x02, 0x0d, 0x9c, 0xf7, 0xf5, 0xf0, 0xf1, 0xf8, 0xef, 0xf5, 0xf3, 0xf3,
    0xf1, 0xec, 0x41, 0x02, 0x00, 0x00, 0x00, 0x00, 0x00, 0x00, 0x00, 0x00, 0x00, 0x00, 0x00, 0x00,
    0x00, 0x00, 0x00, 0x00, 0x00, 0x00, 0x00, 0x00, 0x00, 0x00, 0x00, 0x00, 0x00, 0x00, 0x00, 0x00,
    0x00, 0x00, 0x00, 0x00, 0x00, 0x02, 0x5a, 0xfa, 0xd3, 0xe4, 0xec, 0x6f, 0x75, 0xc4, 0xc6, 0x56,
    0x19, 0x86, 0xf7, 0xf2, 0xd6, 0xde, 0xf1, 0x54, 0x01, 0x00, 0x00, 0x00, 0x00, 0x00, 0x00, 0x00,
    0x00, 0x00, 0x00, 0x00, 0x00, 0x00, 0x00, 0x00, 0x00, 0x00, 0x00, 0x00, 0x00, 0x00, 0x00, 0x00,
    0x00, 0x00, 0x00, 0x00, 0x00, 0x00, 0x00, 0x00, 0x00, 0x02, 0x47, 0xf8, 0xf0, 0xf6, 0x5f, 0xce,
    0xd9, 0xa5, 0xbb, 0xf6, 0xf2, 0x87, 0x79, 0x7f, 0x98, 0x5e, 0x5f, 0xfb, 0x47, 0x01, 0x00, 0x00,
    0x00, 0x00, 0x00, 0x00, 0x00, 0x00, 0x00, 0x00, 0x00, 0x00, 0x00, 0x00, 0x00, 0x00, 0x00, 0x00,
    0x00, 0x00, 0x00, 0x00, 0x00, 0x00, 0x00, 0x00, 0x00, 0x00, 0x00, 0x00, 0x00, 0x00, 0x09, 0x62,
    0xa5, 0x4e, 0xb1, 0xf2, 0xf2, 0xf2, 0xf2, 0xf3, 0xf1, 0xf4, 0xf2, 0xf6, 0xf2, 0xf7, 0x23, 0xec,
    0xb8, 0x02, 0x00, 0x00, 0x00, 0x00, 0x00, 0x00, 0x00, 0x00, 0x00, 0x00, 0x00, 0x00, 0x00, 0x00,
    0x00, 0x00, 0x00, 0x00, 0x00, 0x00, 0x00, 0x00, 0x00, 0x00, 0x00, 0x00, 0x00, 0x00, 0x00, 0x00,
    0x00, 0x02, 0x45, 0x9b, 0x40, 0xbb, 0xb5, 0xf4, 0xf3, 0xf3, 0xf3, 0xf4, 0xcb, 0xe2, 0xf3, 0xf3,
    0xf3, 0xd3, 0x4b, 0xf5, 0xe6, 0x03, 0x01, 0x00, 0x00, 0x00, 0x00, 0x00, 0x00, 0x00, 0x00, 0x00,
    0x00, 0x00, 0x00, 0x00, 0x00, 0x00, 0x00, 0x00, 0x00, 0x00, 0x00, 0x00, 0x00, 0x00, 0x00, 0x00,
    0x00, 0x00, 0x00, 0x00, 0x00, 0x01, 0x13, 0x37, 0xd7, 0x60, 0x83, 0xf5, 0xf3, 0xf3, 0xf3, 0xf4,
    0xa6, 0x2e, 0xe9, 0xf2, 0xf2, 0x82, 0x7a, 0xf3, 0xec, 0x06, 0x01, 0x00, 0x00, 0x00, 0x00, 0x00,
    0x00, 0x00, 0x00, 0x00, 0x00, 0x00, 0x00, 0x00, 0x00, 0x00, 0x00, 0x00, 0x00, 0x00, 0x00, 0x00,
    0x00, 0x00, 0x00, 0x00, 0x00, 0x00, 0x00, 0x00, 0x00, 0x00, 0x01, 0x6d, 0xf6, 0xd4, 0xf3, 0xf3,
    0xf4, 0xf4, 0xf3, 0xf4, 0xec, 0xe8, 0xee, 0xf3, 0xf4, 0xa3, 0x7e, 0x6a, 0xdc, 0x03, 0x01, 0x00,
    0x00, 0x00, 0x00, 0x00, 0x00, 0x00, 0x00, 0x00, 0x00, 0x00, 0x00, 0x00, 0x00, 0x00, 0x00, 0x00,
    0x00, 0x00, 0x00, 0x00, 0x00, 0x00, 0x00, 0x00, 0x00, 0x00, 0x00, 0x00, 0x00, 0x00, 0x01, 0xd7,
    0xf5, 0x2d, 0xc2, 0xf1, 0x9e, 0xae, 0xf1, 0xe5, 0x14, 0xe9, 0xf2, 0xf3, 0xf3, 0xce, 0x7a, 0x7f,
    0x5b, 0x01, 0x00, 0x00, 0x00, 0x00, 0x00, 0x00, 0x00, 0x00, 0x00, 0x00, 0x00, 0x00, 0x00, 0x00,
    0x00, 0x00, 0x00, 0x00, 0x00, 0x00, 0x00, 0x00, 0x00, 0x00, 0x00, 0x00, 0x00, 0x00, 0x00, 0x00,
    0x00, 0x01, 0x09, 0xeb, 0xf5, 0x5e, 0xd6, 0xe3, 0x36, 0xef, 0xf1, 0xd9, 0x02, 0xdd, 0xf2, 0xf3,
    0xf5, 0x92, 0x7a, 0x78, 0x3b, 0x01, 0x00, 0x00, 0x00, 0x00, 0x00, 0x00, 0x00, 0x00, 0x00, 0x00,
    0x00, 0x00, 0x00, 0x00, 0x00, 0x00, 0x00, 0x00, 0x00, 0x00, 0x00, 0x00, 0x00, 0x00, 0x00, 0x00,
    0x00, 0x00, 0x00, 0x00, 0x00, 0x01, 0x15, 0xf1, 0xf2, 0xf7, 0xf6, 0x56, 0xcc, 0xf2, 0xf3, 0xf4,
    0xc8, 0xf4, 0xf3, 0xf3, 0xf4, 0xa9, 0xa5, 0x9e, 0x07, 0x00, 0x00, 0x00, 0x00, 0x00, 0x00, 0x00,
    0x00, 0x00, 0x00, 0x00, 0x00, 0x00, 0x00, 0x00, 0x00, 0x00, 0x00, 0x00, 0x00, 0x00, 0x00, 0x00,
    0x00, 0x00, 0x00, 0x00, 0x00, 0x00, 0x00, 0x00, 0x00, 0x01, 0x1c, 0xf5, 0xf3, 0xf3, 0xf2, 0x3d,
    0xee, 0xf3, 0xf3, 0xf3, 0xf1, 0xf3, 0xf3, 0xf3, 0xf3, 0xf6, 0xf1, 0xe1, 0x0e, 0x01, 0x00, 0x00,
    0x00, 0x00, 0x00, 0x00, 0x00, 0x00, 0x00, 0x00, 0x00, 0x00, 0x00, 0x00, 0x00, 0x00, 0x00, 0x00,
    0x00, 0x00, 0x00, 0x00, 0x00, 0x00, 0x00, 0x00, 0x00, 0x00, 0x00, 0x00, 0x00, 0x00, 0x06, 0xe9,
    0xf3, 0xf4, 0xf3, 0xb6, 0xcb, 0xf2, 0xf1, 0xf0, 0xed, 0xf2, 0xf3, 0xf3, 0xf3, 0xf3, 0xf3, 0xf7,
    0x3f, 0x02, 0x00, 0x00, 0x00, 0x00, 0x00, 0x00, 0x00, 0x00, 0x00, 0x00, 0x00, 0x00, 0x00, 0x00,
    0x00, 0x00, 0x00, 0x00, 0x00, 0x00, 0x00, 0x00, 0x00, 0x00, 0x00, 0x00, 0x00, 0x00, 0x00, 0x00,
    0x00, 0x00, 0x02, 0xc5, 0xb8, 0xa6, 0xe7, 0xf2, 0xf2, 0xe7, 0xc9, 0x98, 0x41, 0xe1, 0xf2, 0xf3,
    0xf3, 0xf4, 0xf5, 0xf8, 0x20, 0x01, 0x00, 0x00, 0x00, 0x00, 0x00, 0x00, 0x00, 0x00, 0x00, 0x00,
    0x00, 0x00, 0x00, 0x00, 0x00, 0x00, 0x00, 0x00, 0x00, 0x00, 0x00, 0x00, 0x00, 0x00, 0x00, 0x00,
    0x00, 0x00, 0x00, 0x00, 0x00, 0x00, 0x01, 0x74, 0x56, 0x6e, 0xa8, 0xa9, 0xa4, 0xb2, 0xc5, 0xc5,
    0x48, 0x88, 0xf3, 0xf3, 0xf2, 0xdd, 0x76, 0x43, 0x01, 0x00, 0x00, 0x00, 0x00, 0x00, 0x00, 0x00,
    0x00, 0x00, 0x00, 0x00, 0x00, 0x00, 0x00, 0x00, 0x00, 0x00, 0x00, 0x00, 0x00, 0x00, 0x00, 0x00,
    0x00, 0x00, 0x00, 0x00, 0x00, 0x00, 0x00, 0x00, 0x00, 0x00, 0x01, 0x0c, 0xd3, 0xd7, 0x96, 0x84,
    0x8d, 0x83, 0x67, 0x8f, 0xeb, 0xe6, 0xf3, 0xf3, 0xf6, 0x5a, 0x01, 0x01, 0x00, 0x00, 0x00, 0x00,
    0x00, 0x00, 0x00, 0x00, 0x00, 0x00, 0x00, 0x00, 0x00, 0x00, 0x00, 0x00, 0x00, 0x00, 0x00, 0x00,
    0x00, 0x00, 0x00, 0x00, 0x00, 0x00, 0x00, 0x00, 0x00, 0x00, 0x00, 0x00, 0x00, 0x00, 0x00, 0x02,
    0x46, 0xf4, 0xf4, 0xf8, 0xf0, 0xee, 0xf7, 0xf4, 0xf3, 0xf2, 0xf3, 0xf4, 0x8c, 0x01, 0x00, 0x00,
    0x00, 0x00, 0x00, 0x00, 0x00, 0x00, 0x00, 0x00, 0x00, 0x00, 0x00, 0x00, 0x00, 0x00, 0x00, 0x00,
    0x00, 0x00, 0x00, 0x00, 0x00, 0x00, 0x00, 0x00, 0x00, 0x00, 0x00, 0x00, 0x00, 0x00, 0x00, 0x00,
    0x00, 0x00, 0x00, 0x00, 0x02, 0x5f, 0xef, 0xf3, 0xf2, 0xf3, 0xf3, 0xf3, 0xf3, 0xf3, 0xf2, 0x96,
    0x40, 0x3d, 0x01, 0x00, 0x00, 0x00, 0x00, 0x00, 0x00, 0x00, 0x00, 0x00, 0x00, 0x00, 0x00, 0x00,
    0x00, 0x00, 0x00, 0x00, 0x00, 0x00, 0x00, 0x00, 0x00, 0x00, 0x00, 0x00, 0x00, 0x00, 0x00, 0x00,
    0x00, 0x00, 0x00, 0x00, 0x00, 0x00, 0x00, 0x00, 0x00, 0x02, 0x23, 0x92, 0xe6, 0xf7, 0xf3, 0xf2,
    0xf3, 0xf4, 0xd4, 0xc1, 0x6a, 0xf2, 0x2b, 0x02, 0x00, 0x00, 0x00, 0x00, 0x00, 0x00, 0x00, 0x00,
    0x00, 0x00, 0x00, 0x00, 0x00, 0x00, 0x00, 0x00, 0x00, 0x00, 0x00, 0x00, 0x00, 0x00, 0x00, 0x00,
    0x00, 0x00, 0x00, 0x00, 0x00, 0x00, 0x00, 0x00, 0x00, 0x00, 0x00, 0x00, 0x01, 0x0d, 0xc5, 0xc1,
    0x4c, 0x4e, 0x9e, 0xb2, 0xf3, 0xf8, 0xc3, 0x4d, 0xe9, 0xde, 0x2d, 0x6a, 0x02, 0x00, 0x00, 0x00,
    0x00, 0x00, 0x00, 0x00, 0x00, 0x00, 0x00, 0x00, 0x00, 0x00, 0x00, 0x00, 0x00, 0x00, 0x00, 0x00,
    0x00, 0x00, 0x00, 0x00, 0x00, 0x00, 0x00, 0x00, 0x00, 0x00, 0x00, 0x00, 0x00, 0x00, 0x00, 0x00,
    0x01, 0x22, 0xd1, 0xf1, 0xf2, 0x9f, 0x45, 0x59, 0x72, 0x47, 0x74, 0xed, 0xf5, 0x54, 0x8f, 0xf4,
    0x33, 0x01, 0x00, 0x00, 0x00, 0x00, 0x00, 0x00, 0x00, 0x00, 0x00, 0x00, 0x00, 0x00, 0x00, 0x00,
    0x00, 0x00, 0x00, 0x00, 0x00, 0x00, 0x00, 0x00, 0x00, 0x00, 0x00, 0x00, 0x00, 0x00, 0x00, 0x00,
    0x00, 0x00, 0x00, 0x01, 0x0f, 0xe3, 0x4d, 0x9d, 0xf4, 0xf3, 0xf8, 0xde, 0xd5, 0xed, 0xf5, 0xf0,
    0x5f, 0x69, 0xf5, 0xf1, 0xc4, 0x02, 0x00, 0x00, 0x00, 0x00, 0x00, 0x00, 0x00, 0x00, 0x00, 0x00,
    0x00, 0x00, 0x00, 0x00, 0x00, 0x00, 0x00, 0x00, 0x00, 0x00, 0x00, 0x00, 0x00, 0x00, 0x00, 0x00,
    0x00, 0x00, 0x00, 0x00, 0x00, 0x00, 0x00, 0x01, 0x5a, 0xf6, 0xf8, 0x33, 0xdf, 0xf2, 0xf3, 0xf1,
    0xcb, 0xce, 0x89, 0x30, 0x85, 0xf4, 0xf3, 0xf3, 0xf7, 0x3d, 0x01, 0x00, 0x00, 0x00, 0x00, 0x00,
    0x00, 0x00, 0x00, 0x00, 0x00, 0x00, 0x00, 0x00, 0x00, 0x00, 0x00, 0x00, 0x00, 0x00, 0x00, 0x00,
    0x00, 0x00, 0x00, 0x00, 0x00, 0x00, 0x00, 0x00, 0x00, 0x00, 0x00, 0x02, 0xb0, 0xf1, 0xec, 0x2e,
    0xf6, 0xf3, 0xf2, 0xac, 0x2e, 0x76, 0xb1, 0xef, 0xf5, 0xf3, 0xf3, 0xf3, 0xf3, 0x95, 0x01, 0x00,
    0x00, 0x00, 0x00, 0x00, 0x00, 0x00, 0x00, 0x00, 0x00, 0x00, 0x00, 0x00, 0x00, 0x00, 0x00, 0x00,
    0x00, 0x00, 0x00, 0x00, 0x00, 0x00, 0x00, 0x00, 0x00, 0x00, 0x00, 0x00, 0x00, 0x00, 0x00, 0x03,
    0xe0, 0xf0, 0xc3, 0x61, 0xf7, 0xf3, 0xf5, 0x70, 0xa6, 0xf4, 0xf2, 0xf3, 0xf3, 0xf3, 0xf3, 0xf3,
    0xf2, 0xcd, 0x01, 0x00, 0x00, 0x00, 0x00, 0x00, 0x00, 0x00, 0x00, 0x00, 0x00, 0x00, 0x00, 0x00,
    0x00, 0x00, 0x00, 0x00, 0x00, 0x00, 0x00, 0x00, 0x00, 0x00, 0x00, 0x00, 0x00, 0x00, 0x00, 0x00,
    0x00, 0x00, 0x01, 0x11, 0xf0, 0xf2, 0x98, 0x94, 0xf2, 0xf3, 0xf7, 0x45, 0xd9, 0xf2, 0xf3, 0xf3,
    0xf3, 0xf3, 0xf3, 0xf3, 0xf2, 0xea, 0x09, 0x01, 0x00, 0x00, 0x00, 0x00, 0x00, 0x00, 0x00, 0x00,
    0x00, 0x00, 0x00, 0x00, 0x00, 0x00, 0x00, 0x00, 0x00, 0x00, 0x00, 0x00, 0x00, 0x00, 0x00, 0x00,
    0x00, 0x00, 0x00, 0x00, 0x00, 0x00, 0x01, 0x14, 0xf5, 0xf5, 0x72, 0xc1, 0xf2, 0xf3, 0xf7, 0x26,
    0xec, 0xf2, 0xf3, 0xf3, 0xf3, 0xf3, 0xf3, 0xf3, 0xf3, 0xf5, 0x15, 0x01, 0x00, 0x00, 0x00, 0x00,
    0x00, 0x00, 0x00, 0x00, 0x00, 0x00, 0x00, 0x00, 0x00, 0x00, 0x00, 0x00, 0x00, 0x00, 0x00, 0x00,
    0x00, 0x00, 0x00, 0x00, 0x00, 0x00, 0x00, 0x00, 0x00, 0x00, 0x01, 0x0d, 0xed, 0xf7, 0x53, 0xd7,
    0xf1, 0xf3, 0xf3, 0x1a, 0xf5, 0xf3, 0xf3, 0xf3, 0xf3, 0xf3, 0xf3, 0xf3, 0xf3, 0xf7, 0x2a, 0x02,
    0x00, 0x00, 0x00, 0x00, 0x00, 0x00, 0x00, 0x00, 0x00, 0x00, 0x00, 0x00, 0x00, 0x00, 0x00, 0x00,
    0x00, 0x00, 0x00, 0x00, 0x00, 0x00, 0x00, 0x00, 0x00, 0x00, 0x00, 0x00, 0x00, 0x00, 0x00, 0x02,
    0xdf, 0xf6, 0x38, 0xea, 0xf2, 0xf3, 0xf0, 0x24, 0xf7, 0xf3, 0xf6, 0xf3, 0xf3, 0xf3, 0xf3, 0xf3,
    0xf3, 0xf7, 0x39, 0x02, 0x00, 0x00, 0x00, 0x00, 0x00, 0x00, 0x00, 0x00, 0x00, 0x00, 0x00, 0x00,
    0x00, 0x00, 0x00, 0x00, 0x00, 0x00, 0x00, 0x00, 0x00, 0x00, 0x00, 0x00, 0x00, 0x00, 0x00, 0x00,
    0x00, 0x00, 0x00, 0x02, 0xd0, 0xf7, 0x30, 0xf4, 0xf3, 0xf2, 0xed, 0x3b, 0xf7, 0xf6, 0x8d, 0xf0,
    0xf3, 0xf3, 0xf3, 0xf3, 0xf3, 0xf7, 0x3f, 0x02, 0x00, 0x00, 0x00, 0x00, 0x00, 0x00, 0x00, 0x00,
    0x00, 0x00, 0x00, 0x00, 0x00, 0x00, 0x00, 0x00, 0x00, 0x00, 0x00, 0x00, 0x00, 0x00, 0x00, 0x00,
    0x00, 0x00, 0x00, 0x00, 0x00, 0x00, 0x00, 0x02, 0xa8, 0xf6, 0x36, 0xf6, 0xf3, 0xf2, 0xe9, 0x49,
    0xf7, 0xf3, 0x8a, 0xb6, 0xf2, 0xf3, 0xf3, 0xf3, 0xf3, 0xf7, 0x3e, 0x02, 0x00, 0x00, 0x00, 0x00,
    0x00, 0x00, 0x00, 0x00, 0x00, 0x00, 0x00, 0x00, 0x00, 0x00, 0x00, 0x00, 0x00, 0x00, 0x00, 0x00,
    0x00, 0x00, 0x00, 0x00, 0x00, 0x00, 0x00, 0x00, 0x00, 0x00, 0x00, 0x01, 0x70, 0xfb, 0x2f, 0xf6,
    0xf3, 0xf2, 0xe7, 0x46, 0xf7, 0xf2, 0xca, 0x6f, 0xf6, 0xf3, 0xf3, 0xf3, 0xf3, 0xf8, 0x30, 0x02,
    0x00, 0x00, 0x00, 0x00, 0x00, 0x00, 0x00, 0x00, 0x00, 0x00, 0x00, 0x00, 0x00, 0x00, 0x00, 0x00,
    0x00, 0x00, 0x00, 0x00, 0x00, 0x00, 0x00, 0x00, 0x00, 0x00, 0x00, 0x00, 0x00, 0x00, 0x00, 0x02,
    0x35, 0xfb, 0x27, 0xf5, 0xf3, 0xf2, 0xe6, 0x48, 0xf7, 0xf3, 0xf2, 0x51, 0xf7, 0xf3, 0xf3, 0xf3,
    0xf3, 0xf8, 0x2e, 0x02, 0x00, 0x00, 0x00, 0x00, 0x00, 0x00, 0x00, 0x00, 0x00, 0x00, 0x00, 0x00,
    0x00, 0x00, 0x00, 0x00, 0x00, 0x00, 0x00, 0x00, 0x00, 0x00, 0x00, 0x00, 0x00, 0x00, 0x00, 0x00,
    0x00, 0x00, 0x00, 0x01, 0x08, 0xee, 0x25, 0xf4, 0xf3, 0xf2, 0xec, 0x48, 0xf7, 0xf3, 0xf8, 0x51,
    0xf5, 0xf3, 0xf3, 0xf3, 0xf3, 0xf8, 0x30, 0x02, 0x00, 0x00, 0x00, 0x00, 0x00, 0x00, 0x00, 0x00,
    0x00, 0x00, 0x00, 0x00, 0x00, 0x00, 0x00, 0x00, 0x00, 0x00, 0x00, 0x00, 0x00, 0x00, 0x00, 0x00,
    0x00, 0x00, 0x00, 0x00, 0x00, 0x00, 0x00, 0x00, 0x01, 0x8b, 0x32, 0xf4, 0xf3, 0xf3, 0xf0, 0x48,
    0xf6, 0xf2, 0xf6, 0x62, 0xe9, 0xf2, 0xf3, 0xf3, 0xf3, 0xf8, 0x34, 0x02, 0x00, 0x00, 0x00, 0x00,
    0x00, 0x00, 0x00, 0x00, 0x00, 0x00, 0x00, 0x00, 0x00, 0x00, 0x00, 0x00, 0x00, 0x00, 0x00, 0x00,
    0x00, 0x00, 0x00, 0x00, 0x00, 0x00, 0x00, 0x00, 0x00, 0x00, 0x00, 0x00, 0x01, 0x6e, 0x4f, 0xf4,
    0xf3, 0xf3, 0xf6, 0x40, 0x98, 0xab, 0xab, 0x4f, 0xd8, 0xf2, 0xf3, 0xf3, 0xf3, 0xf7, 0x3f, 0x02,
    0x00, 0x00, 0x00, 0x00, 0x00, 0x00, 0x00, 0x00, 0x00, 0x00, 0x00, 0x00, 0x00, 0x00, 0x00, 0x00,
    0x00, 0x00, 0x00, 0x00, 0x00, 0x00, 0x00, 0x00, 0x00, 0x00, 0x00, 0x00, 0x00, 0x00, 0x00, 0x00,
    0x02, 0xbd, 0xf6, 0xf3, 0xf3, 0xf3, 0xf3, 0xea, 0xb1, 0x96, 0x95, 0x62, 0xc2, 0xf1, 0xf3, 0xf3,
    0xf3, 0xf7, 0x2b, 0x02, 0x00, 0x00, 0x00, 0x00, 0x00, 0x00, 0x00, 0x00, 0x00, 0x00, 0x00, 0x00,
    0x00, 0x00, 0x00, 0x00, 0x00, 0x00, 0x00, 0x00, 0x00, 0x00, 0x00, 0x00, 0x00, 0x00, 0x00, 0x00,
    0x00, 0x00, 0x00, 0x00, 0x01, 0x45, 0xee, 0xf3, 0xf3, 0xf3, 0xf3, 0xf2, 0xf2, 0xf2, 0xf0, 0xb5,
    0xb3, 0xf1, 0xf3, 0xf3, 0xf3, 0xf3, 0x11, 0x01, 0x00, 0x00, 0x00, 0x00, 0x00, 0x00, 0x00, 0x00,
    0x00, 0x00, 0x00, 0x00, 0x00, 0x00, 0x00, 0x00, 0x00, 0x00, 0x00, 0x00, 0x00, 0x00, 0x00, 0x00,
    0x00, 0x00, 0x00, 0x00, 0x00, 0x00, 0x00, 0x00, 0x01, 0x6e, 0x44, 0x9a, 0xf2, 0xf4, 0xf2, 0xf3,
    0xf3, 0xf3, 0xf1, 0xc2, 0xa0, 0xf2, 0xf3, 0xf3, 0xf2, 0xdd, 0x03, 0x00, 0x00, 0x00, 0x00, 0x00,
    0x00, 0x00, 0x00, 0x00, 0x00, 0x00, 0x00, 0x00, 0x00, 0x00, 0x00, 0x00, 0x00, 0x00, 0x00, 0x00,
    0x00, 0x00, 0x00, 0x00, 0x00, 0x00, 0x00, 0x00, 0x00, 0x00, 0x00, 0x00, 0x02, 0xad, 0xf2, 0x99,
    0x47, 0x7f, 0xcd, 0xef, 0xf6, 0xf8, 0xf6, 0xc5, 0x87, 0xf3, 0xf3, 0xf3, 0xf2, 0xbc, 0x10, 0x00,
    0x00, 0x00, 0x00, 0x00, 0x00, 0x00, 0x00, 0x00, 0x00, 0x00, 0x00, 0x00, 0x00, 0x00, 0x00, 0x00,
    0x00, 0x00, 0x00, 0x00, 0x00, 0x00, 0x00, 0x00, 0x00, 0x00, 0x00, 0x00, 0x00, 0x00, 0x00, 0x00,
    0x02, 0xb9, 0xf1, 0xf3, 0xf7, 0xcb, 0x81, 0x53, 0x44, 0x51, 0x58, 0x40, 0x8d, 0xf2, 0xf2, 0xf1,
    0xf4, 0x90, 0x3e, 0x01, 0x00, 0x00, 0x00, 0x00, 0x00, 0x00, 0x00, 0x00, 0x00, 0x00, 0x00, 0x00,
    0x00, 0x00, 0x00, 0x00, 0x00, 0x00, 0x00, 0x00, 0x00, 0x00, 0x00, 0x00, 0x00, 0x00, 0x00, 0x00,
    0x00, 0x00, 0x00, 0x00, 0x02, 0xb7, 0xf2, 0xf3, 0xf3, 0xf2, 0xf6, 0xf9, 0xf8, 0xf8, 0xf8, 0xcb,
    0x2b, 0xab, 0xca, 0xb7, 0x6c, 0x31, 0x64, 0x01, 0x00, 0x00, 0x00, 0x00, 0x00, 0x00, 0x00, 0x00,
    0x00, 0x00, 0x00, 0x00, 0x00, 0x00, 0x00, 0x00, 0x00, 0x00, 0x00, 0x00, 0x00, 0x00, 0x00, 0x00,
    0x00, 0x00, 0x00, 0x00, 0x00, 0x00, 0x00, 0x00, 0x02, 0xb2, 0xf2, 0xf3, 0xf3, 0xf2, 0xb8, 0xce,
    0xf1, 0xf7, 0xb5, 0x66, 0xe9, 0xa3, 0x8d, 0x9f, 0xe4, 0x7c, 0x52, 0x02, 0x00, 0x00, 0x00, 0x00,
    0x00, 0x00, 0x00, 0x00, 0x00, 0x00, 0x00, 0x00, 0x00, 0x00, 0x00, 0x00, 0x00, 0x00, 0x00, 0x00,
    0x00, 0x00, 0x00, 0x00, 0x00, 0x00, 0x00, 0x00, 0x00, 0x00, 0x00, 0x00, 0x02, 0xa2, 0xf2, 0xf3,
    0xf3, 0xf2, 0xa2, 0xb5, 0xe1, 0x5d, 0x85, 0xfb, 0xf4, 0xf2, 0xf2, 0xf3, 0xf7, 0x69, 0x31, 0x02,
    0x00, 0x00, 0x00, 0x00, 0x00, 0x00, 0x00, 0x00, 0x00, 0x00, 0x00, 0x00, 0x00, 0x00, 0x00, 0x00,
    0x00, 0x00, 0x00, 0x00, 0x00, 0x00, 0x00, 0x00, 0x00, 0x00, 0x00, 0x00, 0x00, 0x00, 0x00, 0x00,
    0x01, 0x8f, 0xf3, 0xf3, 0xf3, 0xf2, 0xd8, 0x81, 0x96, 0x83, 0xa2, 0x5d, 0x8e, 0xf5, 0xd6, 0xcc,
    0xd1, 0x5f, 0x0f, 0x01, 0x00, 0x00, 0x00, 0x00, 0x00, 0x00, 0x00, 0x00, 0x00, 0x00, 0x00, 0x00,
    0x00, 0x00, 0x00, 0x00, 0x00, 0x00, 0x00, 0x00, 0x00, 0x00, 0x00, 0x00, 0x00, 0x00, 0x00, 0x00,
    0x00, 0x00, 0x00, 0x00, 0x01, 0x78, 0xf5, 0xf3, 0xf3, 0xf3, 0xf7, 0x59, 0xfa, 0xc9, 0xc3, 0x84,
    0xd4, 0xe6, 0x99, 0x99, 0xa8, 0x65, 0x02, 0x00, 0x00, 0x00, 0x00, 0x00, 0x00, 0x00, 0x00, 0x00,
    0x00, 0x00, 0x00, 0x00, 0x00, 0x00, 0x00, 0x00, 0x00, 0x00, 0x00, 0x00, 0x00, 0x00, 0x00, 0x00,
    0x00, 0x00, 0x00, 0x00, 0x00, 0x00, 0x00, 0x00, 0x01, 0x59, 0xf7, 0xf3, 0xf3, 0xf3, 0xf5, 0x73,
    0xde, 0xf0, 0xf6, 0x63, 0xf7, 0xa0, 0xd8, 0x67, 0x5a, 0x4c, 0x06, 0x00, 0x00, 0x00, 0x00, 0x00,
    0x00, 0x00, 0x00, 0x00, 0x00, 0x00, 0x00, 0x00, 0x00, 0x00, 0x00, 0x00, 0x00, 0x00, 0x00, 0x00,
    0x00, 0x00, 0x00, 0x00, 0x00, 0x00, 0x00, 0x00, 0x00, 0x00, 0x00, 0x00, 0x02, 0x40, 0xf8, 0xf3,
    0xf3, 0xf3, 0xf2, 0xc3, 0x8e, 0xf3, 0xe2, 0x7b, 0xf0, 0x57, 0x76, 0x67, 0xaf, 0x39, 0x5b, 0x01,
    0x00, 0x00, 0x00, 0x00, 0x00, 0x00, 0x00, 0x00, 0x00, 0x00, 0x00, 0x00, 0x00, 0x00, 0x00, 0x00,
    0x00, 0x00, 0x00, 0x00, 0x00, 0x00, 0x00, 0x00, 0x00, 0x00, 0x00, 0x00, 0x00, 0x00, 0x00, 0x00,
    0x01, 0x1c, 0xf5, 0xf3, 0xf3, 0xf3, 0xf3, 0xf5, 0x55, 0xf5, 0xb0, 0xa7, 0x6c, 0x6e, 0xc1, 0xfa,
    0x58, 0xb2, 0xa6, 0x02, 0x00, 0x00, 0x00, 0x00, 0x00, 0x00, 0x00, 0x00, 0x00, 0x00, 0x00, 0x00,
    0x00, 0x00, 0x00, 0x00, 0x00, 0x00, 0x00, 0x00, 0x00, 0x00, 0x00, 0x00, 0x00, 0x00, 0x00, 0x00,
    0x00, 0x00, 0x00, 0x00, 0x00, 0x03, 0xe2, 0xf2, 0xf3, 0xf3, 0xf3, 0xf5, 0x7c, 0xd2, 0xce, 0x4f,
    0xbb, 0xf6, 0xf1, 0xd2, 0x52, 0xf5, 0xe6, 0x07, 0x01, 0x00, 0x00, 0x00, 0x00, 0x00, 0x00, 0x00,
    0x00, 0x00, 0x00, 0x00, 0x00, 0x00, 0x00, 0x00, 0x00, 0x00, 0x00, 0x00, 0x00, 0x00, 0x00, 0x00,
    0x00, 0x00, 0x00, 0x00, 0x00, 0x00, 0x00, 0x00, 0x00, 0x02, 0xb6, 0xf1, 0xf3, 0xf3, 0xf3, 0xf2,
    0xd6, 0x76, 0xf6, 0xf6, 0xf3, 0xf3, 0xf6, 0x59, 0xdf, 0xf2, 0xf8, 0x32, 0x02, 0x00, 0x00, 0x00,
    0x00, 0x00, 0x00, 0x00, 0x00, 0x00, 0x00, 0x00, 0x00, 0x00, 0x00, 0x00, 0x00, 0x00, 0x00, 0x00,
    0x00, 0x00, 0x00, 0x00, 0x00, 0x00, 0x00, 0x00, 0x00, 0x00, 0x00, 0x00, 0x00, 0x01, 0x7c, 0xf5,
    0xf3, 0xf3, 0xf3, 0xf3, 0xf7, 0x54, 0xf0, 0xf3, 0xf3, 0xf3, 0xf4, 0xbd, 0xf4, 0xf3, 0xf7, 0x5c,
    0x02, 0x00, 0x00, 0x00, 0x00, 0x00, 0x00, 0x00, 0x00, 0x00, 0x00, 0x00, 0x00, 0x00, 0x00, 0x00,
    0x00, 0x00, 0x00, 0x00, 0x00, 0x00, 0x00, 0x00, 0x00, 0x00, 0x00, 0x00, 0x00, 0x00, 0x00, 0x00,
    0x00, 0x02, 0x45, 0xf8, 0xf3, 0xf3, 0xf3, 0xf3, 0xf2, 0xbf, 0x86, 0xf4, 0xf3, 0xf3, 0xf3, 0xf3,
    0xf3, 0xf3, 0xf3, 0x87, 0x0f, 0x00, 0x00, 0x00, 0x00, 0x00, 0x00, 0x00, 0x00, 0x00, 0x00, 0x00,
    0x00, 0x00, 0x00, 0x00, 0x00, 0x00, 0x00, 0x00, 0x00, 0x00, 0x00, 0x00, 0x00, 0x00, 0x00, 0x00,
    0x00, 0x00, 0x00, 0x00, 0x00, 0x01, 0x13, 0xf2, 0xf3, 0xf3, 0xf3, 0xf3, 0xf3, 0xf5, 0x64, 0xd3,
    0xf2, 0xf3, 0xf3, 0xf3, 0xf3, 0xf3, 0xf3, 0x8e, 0xa9, 0x11, 0x01, 0x00, 0x00, 0x00, 0x00, 0x00,
    0x00, 0x00, 0x00, 0x00, 0x00, 0x00, 0x00, 0x00, 0x00, 0x00, 0x00, 0x00, 0x00, 0x00, 0x00, 0x00,
    0x00, 0x00, 0x00, 0x00, 0x00, 0x00, 0x00, 0x00, 0x00, 0x00, 0x02, 0xd1, 0xf2, 0xf3, 0xf3, 0xf3,
    0xf3, 0xf2, 0xef, 0x50, 0xe5, 0xf2, 0xf3, 0xf3, 0xf3, 0xf3, 0xf3, 0x93, 0xbc, 0x74, 0x01, 0x00,
    0x00, 0x00, 0x00, 0x00, 0x00, 0x00, 0x00, 0x00, 0x00, 0x00, 0x00, 0x00, 0x00, 0x00, 0x00, 0x00,
    0x00, 0x00, 0x00, 0x00, 0x00, 0x00, 0x00, 0x00, 0x00, 0x00, 0x00, 0x00, 0x00, 0x00, 0x01, 0x9b,
    0xf2, 0xf3, 0xf3, 0xf3, 0xf3, 0xf3, 0xf1, 0xc3, 0x2c, 0xde, 0xf3, 0xf3, 0xf3, 0xf3, 0xf3, 0x84,
    0xc7, 0x4c, 0x02, 0x00, 0x00, 0x00, 0x00, 0x00, 0x00, 0x00, 0x00, 0x00, 0x00, 0x00, 0x00, 0x00,
    0x00, 0x00, 0x00, 0x00, 0x00, 0x00, 0x00, 0x00, 0x00, 0x00, 0x00, 0x00, 0x00, 0x00, 0x00, 0x00,
    0x00, 0x00, 0x01, 0x59, 0xf7, 0xf3, 0xf3, 0xf3, 0xf3, 0xf3, 0xf2, 0xb7, 0x03, 0x1a, 0xb5, 0xf6,
    0xf2, 0xf2, 0xf6, 0x4c, 0xf9, 0x5b, 0x01, 0x00, 0x00, 0x00, 0x00, 0x00, 0x00, 0x00, 0x00, 0x00,
    0x00, 0x00, 0x00, 0x00, 0x00, 0x00, 0x00, 0x00, 0x00, 0x00, 0x00, 0x00, 0x00, 0x00, 0x00, 0x00,
    0x00, 0x00, 0x00, 0x00, 0x00, 0x00, 0x01, 0x1c, 0xf3, 0xf3, 0xf3, 0xf3, 0xf3, 0xf3, 0xf2, 0x9c,
    0x01, 0x01, 0x01, 0x55, 0xca, 0xea, 0x7f, 0xb5, 0xf1, 0xaf, 0x02, 0x00, 0x00, 0x00, 0x00, 0x00,
    0x00, 0x00, 0x00, 0x00, 0x00, 0x00, 0x00, 0x00, 0x00, 0x00, 0x00, 0x00, 0x00, 0x00, 0x00, 0x00,
    0x00, 0x00, 0x00, 0x00, 0x00, 0x00, 0x00, 0x00, 0x00, 0x00, 0x00, 0x02, 0xc5, 0xf2, 0xf3, 0xf3,
    0xf3, 0xf3, 0xf3, 0x8a, 0x01, 0x00, 0x00, 0x02, 0x0a, 0x40, 0xb0, 0xf5, 0xf5, 0x74, 0x01, 0x00,
    0x00, 0x00, 0x00, 0x00, 0x00, 0x00, 0x00, 0x00, 0x00, 0x00, 0x00, 0x00, 0x00, 0x00, 0x00, 0x00,
    0x00, 0x00, 0x00, 0x00, 0x00, 0x00, 0x00, 0x00, 0x00, 0x00, 0x00, 0x00, 0x00, 0x00, 0x00, 0x01,
    0x71, 0xf5, 0xf3, 0xf3, 0xf3, 0xf3, 0xf6, 0x69, 0x01, 0x00, 0x00, 0x01, 0x58, 0xf9, 0xf3, 0xf3,
    0xf2, 0x1c, 0x01, 0x00, 0x00, 0x00, 0x00, 0x00, 0x00, 0x00, 0x00, 0x00, 0x00, 0x00, 0x00, 0x00,
    0x00, 0x00, 0x00, 0x00, 0x00, 0x00, 0x00, 0x00, 0x00, 0x00, 0x00, 0x00, 0x00, 0x00, 0x00, 0x00,
    0x00, 0x00, 0x00, 0x02, 0x25, 0xf5, 0xf3, 0xf3, 0xf3, 0xf1, 0xf2, 0x38, 0x01, 0x00, 0x00, 0x01,
    0x8b, 0xf4, 0xf3, 0xf3, 0xa0, 0x02, 0x00, 0x00, 0x00, 0x00, 0x00, 0x00, 0x00, 0x00, 0x00, 0x00,
    0x00, 0x00, 0x00, 0x00, 0x00, 0x00, 0x00, 0x00, 0x00, 0x00, 0x00, 0x00, 0x00, 0x00, 0x00, 0x00,
    0x00, 0x00, 0x00, 0x00, 0x00, 0x00, 0x00, 0x00, 0x02, 0xcf, 0xf7, 0xf8, 0xf5, 0xbf, 0x58, 0x78,
    0x01, 0x00, 0x00, 0x02, 0xa1, 0xf2, 0xf2, 0xe4, 0x1c, 0x01, 0x00, 0x00, 0x00, 0x00, 0x00, 0x00,
    0x00, 0x00, 0x00, 0x00, 0x00, 0x00, 0x00, 0x00, 0x00, 0x00, 0x00, 0x00, 0x00, 0x00, 0x00, 0x00,
    0x00, 0x00, 0x00, 0x00, 0x00, 0x00, 0x00, 0x00, 0x00, 0x00, 0x00, 0x01, 0x02, 0x3d, 0x67, 0x5a,
    0x48, 0x86, 0xee, 0xdb, 0x02, 0x00, 0x00, 0x01, 0x7b, 0xf7, 0xdd, 0x30, 0x01, 0x00, 0x00, 0x00,
    0x00, 0x00, 0x00, 0x00, 0x00, 0x00, 0x00, 0x00, 0x00, 0x00, 0x00, 0x00, 0x00, 0x00, 0x00, 0x00,
    0x00, 0x00, 0x00, 0x00, 0x00, 0x00, 0x00, 0x00, 0x00, 0x00, 0x00, 0x00, 0x00, 0x00, 0x01, 0x0f,
    0xaa, 0xf4, 0xee, 0xf1, 0xf8, 0xe6, 0xf6, 0xc9, 0x02, 0x00, 0x00, 0x00, 0x07, 0x40, 0x0d, 0x01,
    0x00, 0x00, 0x00, 0x00, 0x00, 0x00, 0x00, 0x00, 0x00, 0x00, 0x00, 0x00, 0x00, 0x00, 0x00, 0x00,
    0x00, 0x00, 0x00, 0x00, 0x00, 0x00, 0x00, 0x00, 0x00, 0x00, 0x00, 0x00, 0x00, 0x00, 0x00, 0x00,
    0x00, 0x01, 0x18, 0xce, 0xf3, 0xf3, 0xf3, 0xf2, 0xce, 0x15, 0x5f, 0x0c, 0x01, 0x00, 0x00, 0x00,
    0x00, 0x02, 0x01, 0x00, 0x00, 0x00, 0x00, 0x00, 0x00, 0x00, 0x00, 0x00, 0x00, 0x00, 0x00, 0x00,
    0x00, 0x00, 0x00, 0x00, 0x00, 0x00, 0x00, 0x00, 0x00, 0x00, 0x00, 0x00, 0x00, 0x00, 0x00, 0x00,
    0x00, 0x00, 0x00, 0x00, 0x00, 0x02, 0xc0, 0xf2, 0xf2, 0xf2, 0xf5, 0x9f, 0x12, 0x01, 0x01, 0x01,
    0x00, 0x00, 0x00, 0x00, 0x00, 0x00, 0x00, 0x00, 0x00, 0x00, 0x00, 0x00, 0x00, 0x00, 0x00, 0x00,
    0x00, 0x00, 0x00, 0x00, 0x00, 0x00, 0x00, 0x00, 0x00, 0x00, 0x00, 0x00, 0x00, 0x00, 0x00, 0x00,
    0x00, 0x00, 0x00, 0x00, 0x00, 0x00, 0x00, 0x00, 0x00, 0x06, 0xd7, 0xf5, 0xe8, 0xa9, 0x37, 0x01,
    0x01, 0x00, 0x00, 0x00, 0x00, 0x00, 0x00, 0x00, 0x00, 0x00, 0x00, 0x00, 0x00, 0x00, 0x00, 0x00,
    0x00, 0x00, 0x00, 0x00, 0x00, 0x00, 0x00, 0x00, 0x00, 0x00, 0x00, 0x00, 0x00, 0x00, 0x00, 0x00,
    0x00, 0x00, 0x00, 0x00, 0x00, 0x00, 0x00, 0x00, 0x00, 0x00, 0x00, 0x00, 0x00, 0x00, 0x0a, 0x1d,
    0x08, 0x01, 0x01, 0x00, 0x00, 0x00, 0x00, 0x00, 0x00, 0x00, 0x00, 0x00, 0x00, 0x00, 0x00, 0x00,
    0x00, 0x00, 0x00, 0x00, 0x00, 0x00, 0x00, 0x00, 0x00, 0x00, 0x00, 0x00, 0x00, 0x00, 0x00, 0x00,
    0x00, 0x00, 0x00, 0x00, 0x00, 0x00, 0x00, 0x00, 0x00, 0x00, 0x00, 0x00, 0x00, 0x00, 0x00, 0x00,
    0x00, 0x00, 0x01, 0x02, 0x01, 0x00, 0x00, 0x00, 0x00, 0x00, 0x00, 0x00, 0x00, 0x00, 0x00, 0x00,
    0x00, 0x00, 0x00, 0x00, 0x00, 0x00, 0x00, 0x00, 0x00, 0x00, 0x00, 0x00, 0x00, 0x00, 0x00, 0x00,
    0x00, 0x00, 0x00, 0x00, 0x00, 0x00, 0x00, 0x00, 0x00, 0x00, 0x00, 0x00, 0x00, 0x00, 0x00, 0x00,
    0x00, 0x00, 0x00, 0x00, 0x00, 0x00, 0x00, 0x00, 0x00, 0x00, 0x00, 0x00, 0x00, 0x00, 0x00, 0x00,
    0x00, 0x00, 0x00, 0x00, 0x00, 0x00, 0x00, 0x00, 0x00, 0x00, 0x00, 0x00, 0x00, 0x00, 0x00, 0x00,
    0x00, 0x00, 0x00, 0x00, 0x00, 0x00, 0x00, 0x00, 0x00, 0x00, 0x00, 0x00, 0x00, 0x00, 0x00, 0x00,
    0x00, 0x00, 0x00, 0x00, 0x00, 0x00, 0x00, 0x00, 0x00, 0x00, 0x00, 0x00, 0x00, 0x00, 0x00, 0x00,
    0x00, 0x00, 0x00, 0x00, 0x00, 0x00, 0x00, 0x00, 0x00, 0x00, 0x00, 0x00, 0x00, 0x00, 0x00, 0x00,
    0x00, 0x00, 0x00, 0x00, 0x00, 0x00, 0x00, 0x00, 0x00, 0x00, 0x00, 0x00,
};

const lv_image_dsc_t pipboy_frame_5 = {
    .header = {
        .magic = LV_IMAGE_HEADER_MAGIC,
        .cf = LV_COLOR_FORMAT_A8,
        .flags = 0,
        .w = 52,
        .h = 75,
        .stride = 52,
        .reserved_2 = 0,
    },
    .data_size = sizeof(pipboy_frame_5_map),
    .data = pipboy_frame_5_map,
    .reserved = NULL,
};

const LV_ATTRIBUTE_MEM_ALIGN LV_ATTRIBUTE_LARGE_CONST uint8_t pipboy_frame_6_map[] = {
    0x00, 0x00, 0x00, 0x00, 0x00, 0x00, 0x00, 0x00, 0x00, 0x00, 0x00, 0x00, 0x00, 0x00, 0x00, 0x00,
    0x00, 0x00, 0x00, 0x00, 0x00, 0x00, 0x00, 0x00, 0x00, 0x00, 0x00, 0x00, 0x00, 0x00, 0x00, 0x00,
    0x00, 0x00, 0x00, 0x00, 0x00, 0x00, 0x00, 0x00, 0x00, 0x00, 0x00, 0x00, 0x00, 0x00, 0x00, 0x00,
    0x00, 0x00, 0x00, 0x00, 0x00, 0x00, 0x00, 0x00, 0x00, 0x00, 0x00, 0x00, 0x00, 0x00, 0x00, 0x00,
    0x00, 0x00, 0x00, 0x00, 0x00, 0x00, 0x00, 0x00, 0x01, 0x00, 0x01, 0x3c, 0x3e, 0x00, 0x01, 0x02,
    0x01, 0x00, 0x00, 0x00, 0x00, 0x00, 0x00, 0x00, 0x00, 0x00, 0x00, 0x00, 0x00, 0x00, 0x00, 0x00,
    0x00, 0x00, 0x00, 0x00, 0x00, 0x00, 0x00, 0x00, 0x00, 0x00, 0x00, 0x00, 0x00, 0x00, 0x00, 0x00,
    0x00, 0x00, 0x00, 0x00, 0x00, 0x00, 0x00, 0x00, 0x00, 0x00, 0x00, 0x01, 0x03, 0x02, 0x39, 0xf4,
    0xf4, 0xb8, 0x53, 0x40, 0x09, 0x01, 0x00, 0x00, 0x00, 0x00, 0x00, 0x00, 0x00, 0x00, 0x00, 0x00,
    0x00, 0x00, 0x00, 0x00, 0x00, 0x00, 0x00, 0x00, 0x00, 0x00, 0x00, 0x00, 0x00, 0x00, 0x00, 0x00,
    0x00, 0x00, 0x00, 0x00, 0x00, 0x00, 0x00, 0x00, 0x00, 0x00, 0x00, 0x01, 0x00, 0x01, 0x02, 0x81,
    0xe2, 0xb0, 0xe0, 0xef, 0xf0, 0xef, 0xf5, 0xf5, 0xbb, 0x19, 0x01, 0x00, 0x00, 0x00, 0x00, 0x00,
    0x00, 0x00, 0x00, 0x00, 0x00, 0x00, 0x00, 0x00, 0x00, 0x00, 0x00, 0x00, 0x00, 0x00, 0x00, 0x00,
    0x00, 0x00, 0x00, 0x00, 0x00, 0x00, 0x00, 0x00, 0x00, 0x00, 0x00, 0x00, 0x00, 0x01, 0x27, 0x71,
    0x02, 0x08, 0x8c, 0xf4, 0xf0, 0xed, 0xee, 0xf4, 0xef, 0xf2, 0xf0, 0xf0, 0xef, 0xe5, 0x38, 0x01,
    0x00, 0x00, 0x00, 0x00, 0x00, 0x00, 0x00, 0x00, 0x00, 0x00, 0x00, 0x00, 0x00, 0x00, 0x00, 0x00,
    0x00, 0x00, 0x00, 0x00, 0x00, 0x00, 0x00, 0x00, 0x00, 0x00, 0x00, 0x00, 0x00, 0x00, 0x00, 0x00,
    0x00, 0x02, 0x59, 0xf6, 0xca, 0xd9, 0xee, 0x79, 0x81, 0xd0, 0xd0, 0x5a, 0x19, 0x92, 0xf4, 0xf3,
    0xe2, 0xe6, 0xec, 0x43, 0x01, 0x00, 0x00, 0x00, 0x00, 0x00, 0x00, 0x00, 0x00, 0x00, 0x00, 0x00,
    0x00, 0x00, 0x00, 0x00, 0x00, 0x00, 0x00, 0x00, 0x00, 0x00, 0x00, 0x00, 0x00, 0x00, 0x00, 0x00,
    0x00, 0x00, 0x00, 0x00, 0x00, 0x02, 0x4b, 0xf5, 0xec, 0xf3, 0x64, 0xc0, 0xc7, 0x97, 0xae, 0xec,
    0xe9, 0x76, 0x82, 0x77, 0x8d, 0x55, 0x6d, 0xf7, 0x3e, 0x01, 0x00, 0x00, 0x00, 0x00, 0x00, 0x00,
    0x00, 0x00, 0x00, 0x00, 0x00, 0x00, 0x00, 0x00, 0x00, 0x00, 0x00, 0x00, 0x00, 0x00, 0x00, 0x00,
    0x00, 0x00, 0x00, 0x00, 0x00, 0x00, 0x00, 0x00, 0x00, 0x00, 0x05, 0x71, 0xb7, 0x5a, 0xa6, 0xf0,
    0xee, 0xf0, 0xf0, 0xf0, 0xee, 0xf2, 0xe7, 0xf5, 0xf0, 0xf3, 0x22, 0xea, 0xb3, 0x02, 0x00, 0x00,
    0x00, 0x00, 0x00, 0x00, 0x00, 0x00, 0x00, 0x00, 0x00, 0x00, 0x00, 0x00, 0x00, 0x00, 0x00, 0x00,
    0x00, 0x00, 0x00, 0x00, 0x00, 0x00, 0x00, 0x00, 0x00, 0x00, 0x00, 0x00, 0x00, 0x02, 0x41, 0x91,
    0x37, 0xb6, 0xc3, 0xf2, 0xf0, 0xf0, 0xf0, 0xf1, 0xd7, 0xe6, 0xef, 0xf0, 0xef, 0xdb, 0x42, 0xf3,
    0xe2, 0x03, 0x01, 0x00, 0x00, 0x00, 0x00, 0x00, 0x00, 0x00, 0x00, 0x00, 0x00, 0x00, 0x00, 0x00,
    0x00, 0x00, 0x00, 0x00, 0x00, 0x00, 0x00, 0x00, 0x00, 0x00, 0x00, 0x00, 0x00, 0x00, 0x00, 0x00,
    0x00, 0x01, 0x17, 0x3a, 0xd2, 0x55, 0x73, 0xf3, 0xf0, 0xf0, 0xf0, 0xf2, 0x9c, 0x2c, 0xe9, 0xf0,
    0xf0, 0x82, 0x7f, 0xf2, 0xe9, 0x06, 0x01, 0x00, 0x00, 0x00, 0x00, 0x00, 0x00, 0x00, 0x00, 0x00,
    0x00, 0x00, 0x00, 0x00, 0x00, 0x00, 0x00, 0x00, 0x00, 0x00, 0x00, 0x00, 0x00, 0x00, 0x00, 0x00,
    0x00, 0x00, 0x00, 0x00, 0x00, 0x00, 0x01, 0x64, 0xf4, 0xdb, 0xf3, 0xf0, 0xf2, 0xf3, 0xf0, 0xf1,
    0xef, 0xde, 0xe9, 0xf0, 0xf0, 0x9e, 0x7a, 0x70, 0xe1, 0x03, 0x01, 0x00, 0x00, 0x00, 0x00, 0x00,
    0x00, 0x00, 0x00, 0x00, 0x00, 0x00, 0x00, 0x00, 0x00, 0x00, 0x00, 0x00, 0x00, 0x00, 0x00, 0x00,
    0x00, 0x00, 0x00, 0x00, 0x00, 0x00, 0x00, 0x00, 0x00, 0x00, 0x01, 0xd0, 0xf3, 0x2e, 0xc2, 0xee,
    0xa6, 0xaf, 0xee, 0xe5, 0x1b, 0xe8, 0xef, 0xf0, 0xf0, 0xcd, 0x75, 0x7e, 0x5a, 0x01, 0x00, 0x00,
    0x00, 0x00, 0x00, 0x00, 0x00, 0x00, 0x00, 0x00, 0x00, 0x00, 0x00, 0x00, 0x00, 0x00, 0x00, 0x00,
    0x00, 0x00, 0x00, 0x00, 0x00, 0x00, 0x00, 0x00, 0x00, 0x00, 0x00, 0x00, 0x00, 0x01, 0x08, 0xe7,
    0xf3, 0x4c, 0xd2, 0xe5, 0x35, 0xea, 0xee, 0xd6, 0x02, 0xd9, 0xef, 0xf0, 0xf3, 0x89, 0x7d, 0x74,
    0x3f, 0x01, 0x00, 0x00, 0x00, 0x00, 0x00, 0x00, 0x00, 0x00, 0x00, 0x00, 0x00, 0x00, 0x00, 0x00,
    0x00, 0x00, 0x00, 0x00, 0x00, 0x00, 0x00, 0x00, 0x00, 0x00, 0x00, 0x00, 0x00, 0x00, 0x00, 0x00,
    0x00, 0x01, 0x14, 0xee, 0xef, 0xf4, 0xf4, 0x5e, 0xc2, 0xf0, 0xf0, 0xf0, 0xb7, 0xf0, 0xf0, 0xf0,
    0xf2, 0xa7, 0x9c, 0x96, 0x0a, 0x00, 0x00, 0x00, 0x00, 0x00, 0x00, 0x00, 0x00, 0x00, 0x00, 0x00,
    0x00, 0x00, 0x00, 0x00, 0x00, 0x00, 0x00, 0x00, 0x00, 0x00, 0x00, 0x00, 0x00, 0x00, 0x00, 0x00,
    0x00, 0x00, 0x00, 0x00, 0x00, 0x02, 0x1d, 0xf2, 0xf0, 0xf0, 0xef, 0x3b, 0xef, 0xf0, 0xf0, 0xf0,
    0xee, 0xf0, 0xf0, 0xf0, 0xf0, 0xf2, 0xed, 0xd9, 0x0a, 0x01, 0x00, 0x00, 0x00, 0x00, 0x00, 0x00,
    0x00, 0x00, 0x00, 0x00, 0x00, 0x00, 0x00, 0x00, 0x00, 0x00, 0x00, 0x00, 0x00, 0x00, 0x00, 0x00,
    0x00, 0x00, 0x00, 0x00, 0x00, 0x00, 0x00, 0x00, 0x00, 0x01, 0x08, 0xe7, 0xf0, 0xf1, 0xf1, 0xab,
    0xc8, 0xef, 0xef, 0xed, 0xee, 0xef, 0xf0, 0xf0, 0xf0, 0xf0, 0xf0, 0xf5, 0x3d, 0x02, 0x00, 0x00,
    0x00, 0x00, 0x00, 0x00, 0x00, 0x00, 0x00, 0x00, 0x00, 0x00, 0x00, 0x00, 0x00, 0x00, 0x00, 0x00,
    0x00, 0x00, 0x00, 0x00, 0x00, 0x00, 0x00, 0x00, 0x00, 0x00, 0x00, 0x00, 0x00, 0x00, 0x01, 0xc8,
    0xc1, 0xb7, 0xe9, 0xf3, 0xf5, 0xea, 0xd2, 0x9e, 0x46, 0xe4, 0xf0, 0xf0, 0xf0, 0xf0, 0xf0, 0xf6,
    0x22, 0x01, 0x00, 0x00, 0x00, 0x00, 0x00, 0x00, 0x00, 0x00, 0x00, 0x00, 0x00, 0x00, 0x00, 0x00,
    0x00, 0x00, 0x00, 0x00, 0x00, 0x00, 0x00, 0x00, 0x00, 0x00, 0x00, 0x00, 0x00, 0x00, 0x00, 0x00,
    0x00, 0x00, 0x01, 0x7b, 0x50, 0x73, 0xa2, 0xaf, 0xad, 0xa5, 0xbc, 0xc9, 0x42, 0x86, 0xf0, 0xf0,
    0xef, 0xde, 0x89, 0x51, 0x01, 0x00, 0x00, 0x00, 0x00, 0x00, 0x00, 0x00, 0x00, 0x00, 0x00, 0x00,
    0x00, 0x00, 0x00, 0x00, 0x00, 0x00, 0x00, 0x00, 0x00, 0x00, 0x00, 0x00, 0x00, 0x00, 0x00, 0x00,
    0x00, 0x00, 0x00, 0x00, 0x00, 0x00, 0x01, 0x0f, 0xd0, 0xca, 0x8f, 0x85, 0x93, 0x8c, 0x6e, 0x80,
    0xe3, 0xde, 0xf0, 0xf0, 0xf2, 0x64, 0x02, 0x01, 0x00, 0x00, 0x00, 0x00, 0x00, 0x00, 0x00, 0x00,
    0x00, 0x00, 0x00, 0x00, 0x00, 0x00, 0x00, 0x00, 0x00, 0x00, 0x00, 0x00, 0x00, 0x00, 0x00, 0x00,
    0x00, 0x00, 0x00, 0x00, 0x00, 0x00, 0x00, 0x00, 0x00, 0x00, 0x00, 0x01, 0x4f, 0xf2, 0xf3, 0xf5,
    0xe8, 0xe1, 0xf2, 0xf2, 0xef, 0xef, 0xf0, 0xf1, 0x99, 0x02, 0x00, 0x00, 0x00, 0x00, 0x00, 0x00,
    0x00, 0x00, 0x00, 0x00, 0x00, 0x00, 0x00, 0x00, 0x00, 0x00, 0x00, 0x00, 0x00, 0x00, 0x00, 0x00,
    0x00, 0x00, 0x00, 0x00, 0x00, 0x00, 0x00, 0x00, 0x00, 0x00, 0x00, 0x00, 0x00, 0x00, 0x00, 0x00,
    0x02, 0x69, 0xf0, 0xef, 0xef, 0xef, 0xf0, 0xf0, 0xf0, 0xf0, 0xf1, 0x9b, 0x4b, 0x85, 0x02, 0x00,
    0x00, 0x00, 0x00, 0x00, 0x00, 0x00, 0x00, 0x00, 0x00, 0x00, 0x00, 0x00, 0x00, 0x00, 0x00, 0x00,
    0x00, 0x00, 0x00, 0x00, 0x00, 0x00, 0x00, 0x00, 0x00, 0x00, 0x00, 0x00, 0x00, 0x00, 0x00, 0x00,
    0x00, 0x00, 0x00, 0x00, 0x00, 0x02, 0x2f, 0xa2, 0xeb, 0xf4, 0xf0, 0xee, 0xf0, 0xf0, 0xcf, 0xc1,
    0x66, 0xfa, 0x48, 0x02, 0x00, 0x00, 0x00, 0x00, 0x00, 0x00, 0x00, 0x00, 0x00, 0x00, 0x00, 0x00,
    0x00, 0x00, 0x00, 0x00, 0x00, 0x00, 0x00, 0x00, 0x00, 0x00, 0x00, 0x00, 0x00, 0x00, 0x00, 0x00,
    0x00, 0x00, 0x00, 0x00, 0x00, 0x00, 0x00, 0x00, 0x00, 0x07, 0xad, 0xaf, 0x44, 0x5f, 0xa4, 0xbb,
    0xef, 0xf5, 0xcd, 0x4a, 0xe4, 0xe9, 0x21, 0x82, 0x02, 0x00, 0x00, 0x00, 0x00, 0x00, 0x00, 0x00,
    0x00, 0x00, 0x00, 0x00, 0x00, 0x00, 0x00, 0x00, 0x00, 0x00, 0x00, 0x00, 0x00, 0x00, 0x00, 0x00,
    0x00, 0x00, 0x00, 0x00, 0x00, 0x00, 0x00, 0x00, 0x00, 0x00, 0x00, 0x00, 0x01, 0x1d, 0xb0, 0xf0,
    0xed, 0x8c, 0x3f, 0x51, 0x88, 0x4c, 0x62, 0xe8, 0xf2, 0x68, 0x7c, 0xf6, 0x58, 0x02, 0x00, 0x00,
    0x00, 0x00, 0x00, 0x00, 0x00, 0x00, 0x00, 0x00, 0x00, 0x00, 0x00, 0x00, 0x00, 0x00, 0x00, 0x00,
    0x00, 0x00, 0x00, 0x00, 0x00, 0x00, 0x00, 0x00, 0x00, 0x00, 0x00, 0x00, 0x00, 0x00, 0x00, 0x00,
    0x05, 0xd8, 0x61, 0x81, 0xee, 0xf1, 0xf2, 0xcf, 0xb9, 0xe4, 0xf3, 0xf0, 0x6e, 0x57, 0xf1, 0xef,
    0xdf, 0x13, 0x01, 0x00, 0x00, 0x00, 0x00, 0x00, 0x00, 0x00, 0x00, 0x00, 0x00, 0x00, 0x00, 0x00,
    0x00, 0x00, 0x00, 0x00, 0x00, 0x00, 0x00, 0x00, 0x00, 0x00, 0x00, 0x00, 0x00, 0x00, 0x00, 0x00,
    0x00, 0x00, 0x00, 0x02, 0x38, 0xf5, 0xf3, 0x79, 0xb1, 0xee, 0xf0, 0xef, 0xdf, 0xb1, 0x84, 0x32,
    0x7a, 0xf1, 0xef, 0xf0, 0xf0, 0xa3, 0x02, 0x00, 0x00, 0x00, 0x00, 0x00, 0x00, 0x00, 0x00, 0x00,
    0x00, 0x00, 0x00, 0x00, 0x00, 0x00, 0x00, 0x00, 0x00, 0x00, 0x00, 0x00, 0x00, 0x00, 0x00, 0x00,
    0x00, 0x00, 0x00, 0x00, 0x00, 0x00, 0x00, 0x01, 0x8b, 0xf1, 0xf0, 0x7f, 0xbe, 0xee, 0xf0, 0xf3,
    0x6a, 0x72, 0xae, 0xeb, 0xf3, 0xf0, 0xf0, 0xf0, 0xf0, 0xf4, 0x53, 0x01, 0x00, 0x00, 0x00, 0x00,
    0x00, 0x00, 0x00, 0x00, 0x00, 0x00, 0x00, 0x00, 0x00, 0x00, 0x00, 0x00, 0x00, 0x00, 0x00, 0x00,
    0x00, 0x00, 0x00, 0x00, 0x00, 0x00, 0x00, 0x00, 0x00, 0x00, 0x00, 0x01, 0xcc, 0xef, 0xf3, 0x67,
    0xd9, 0xef, 0xf0, 0xf6, 0x53, 0xf0, 0xee, 0xf0, 0xf0, 0xf0, 0xf0, 0xf0, 0xf0, 0xef, 0xe0, 0x10,
    0x01, 0x00, 0x00, 0x00, 0x00, 0x00, 0x00, 0x00, 0x00, 0x00, 0x00, 0x00, 0x00, 0x00, 0x00, 0x00,
    0x00, 0x00, 0x00, 0x00, 0x00, 0x00, 0x00, 0x00, 0x00, 0x00, 0x00, 0x00, 0x00, 0x00, 0x01, 0x26,
    0xda, 0xef, 0xf5, 0x5b, 0xe8, 0xef, 0xf0, 0xf6, 0x57, 0xf6, 0xf0, 0xf0, 0xf0, 0xf0, 0xf0, 0xf0,
    0xf0, 0xf0, 0xf1, 0x7e, 0x01, 0x00, 0x00, 0x00, 0x00, 0x00, 0x00, 0x00, 0x00, 0x00, 0x00, 0x00,
    0x00, 0x00, 0x00, 0x00, 0x00, 0x00, 0x00, 0x00, 0x00, 0x00, 0x00, 0x00, 0x00, 0x00, 0x00, 0x00,
    0x00, 0x01, 0x22, 0x78, 0xde, 0xef, 0xf6, 0x5a, 0xea, 0xf0, 0xf0, 0xf6, 0x54, 0xf6, 0xf0, 0xf0,
    0xf0, 0xf0, 0xf0, 0xf0, 0xf0, 0xf0, 0xef, 0xe0, 0x0a, 0x01, 0x00, 0x00, 0x00, 0x00, 0x00, 0x00,
    0x00, 0x00, 0x00, 0x00, 0x00, 0x00, 0x00, 0x00, 0x00, 0x00, 0x00, 0x00, 0x00, 0x00, 0x00, 0x00,
    0x00, 0x00, 0x00, 0x00, 0x00, 0x01, 0x74, 0x77, 0xd6, 0xef, 0xf6, 0x59, 0xed, 0xf0, 0xf0, 0xf6,
    0x55, 0xf6, 0xf0, 0xf0, 0xf0, 0xf0, 0xf0, 0xf0, 0xf0, 0xf0, 0xf0, 0xf4, 0x5e, 0x01, 0x00, 0x00,
    0x00, 0x00, 0x00, 0x00, 0x00, 0x00, 0x00, 0x00, 0x00, 0x00, 0x00, 0x00, 0x00, 0x00, 0x00, 0x00,
    0x00, 0x00, 0x00, 0x00, 0x00, 0x00, 0x00, 0x00, 0x00, 0x02, 0xc5, 0x8b, 0xc6, 0xef, 0xf6, 0x5b,
    0xee, 0xf0, 0xf0, 0xf6, 0x65, 0xf6, 0xf0, 0xf0, 0xf0, 0xf0, 0xf0, 0xf0, 0xf0, 0xf0, 0xf0, 0xef,
    0xcd, 0x03, 0x00, 0x00, 0x00, 0x00, 0x00, 0x00, 0x00, 0x00, 0x00, 0x00, 0x00, 0x00, 0x00, 0x00,
    0x00, 0x00, 0x00, 0x00, 0x00, 0x00, 0x00, 0x00, 0x00, 0x00, 0x00, 0x00, 0x01, 0x19, 0xee, 0xad,
    0xa6, 0xef, 0xf6, 0x59, 0xed, 0xf0, 0xf0, 0xf6, 0x5d, 0xf6, 0xf0, 0xf0, 0xea, 0xf1, 0xf0, 0xf0,
    0xf0, 0xf0, 0xf0, 0xf0, 0xf5, 0x40, 0x01, 0x00, 0x00, 0x00, 0x00, 0x00, 0x00, 0x00, 0x00, 0x00,
    0x00, 0x00, 0x00, 0x00, 0x00, 0x00, 0x00, 0x00, 0x00, 0x00, 0x00, 0x00, 0x00, 0x00, 0x00, 0x00,
    0x01, 0x51, 0xf4, 0xd9, 0x86, 0xf1, 0xf6, 0x5a, 0xeb, 0xf0, 0xf0, 0xf6, 0x55, 0xf6, 0xf0, 0xf0,
    0xe0, 0x9c, 0xf2, 0xf0, 0xf0, 0xf0, 0xf0, 0xf0, 0xf0, 0x9d, 0x02, 0x00, 0x00, 0x00, 0x00, 0x00,
    0x00, 0x00, 0x00, 0x00, 0x00, 0x00, 0x00, 0x00, 0x00, 0x00, 0x00, 0x00, 0x00, 0x00, 0x00, 0x00,
    0x00, 0x00, 0x00, 0x00, 0x01, 0x8b, 0xf0, 0xf3, 0x61, 0xf6, 0xf6, 0x5a, 0xe9, 0xf0, 0xf0, 0xf6,
    0x58, 0xf5, 0xf0, 0xf0, 0xf0, 0xac, 0xb8, 0xef, 0xf0, 0xf0, 0xf0, 0xf0, 0xef, 0xe3, 0x07, 0x00,
    0x00, 0x00, 0x00, 0x00, 0x00, 0x00, 0x00, 0x00, 0x00, 0x00, 0x00, 0x00, 0x00, 0x00, 0x00, 0x00,
    0x00, 0x00, 0x00, 0x00, 0x00, 0x00, 0x00, 0x00, 0x02, 0xc0, 0xee, 0xf6, 0x54, 0xf2, 0xf4, 0x66,
    0xe3, 0xef, 0xf0, 0xf6, 0x57, 0xea, 0xef, 0xf0, 0xf0, 0xf4, 0x65, 0xe6, 0xef, 0xf0, 0xf0, 0xf0,
    0xf0, 0xf6, 0x3e, 0x01, 0x00, 0x00, 0x00, 0x00, 0x00, 0x00, 0x00, 0x00, 0x00, 0x00, 0x00, 0x00,
    0x00, 0x00, 0x00, 0x00, 0x00, 0x00, 0x00, 0x00, 0x00, 0x00, 0x00, 0x01, 0x07, 0xe3, 0xef, 0xf3,
    0x6a, 0xd3, 0xef, 0x77, 0xd1, 0xef, 0xf0, 0xf1, 0x79, 0xc5, 0xee, 0xf0, 0xf0, 0xef, 0xda, 0x66,
    0xf3, 0xf0, 0xf0, 0xf0, 0xf0, 0xf1, 0x86, 0x01, 0x00, 0x00, 0x00, 0x00, 0x00, 0x00, 0x00, 0x00,
    0x00, 0x00, 0x00, 0x00, 0x00, 0x00, 0x00, 0x00, 0x00, 0x00, 0x00, 0x00, 0x00, 0x00, 0x00, 0x01,
    0x13, 0xf0, 0xef, 0xf0, 0x94, 0x69, 0xdd, 0x7d, 0xbb, 0xee, 0xf0, 0xee, 0xb7, 0x8c, 0xef, 0xef,
    0xf1, 0xf5, 0xc7, 0x2c, 0xc5, 0xef, 0xf0, 0xf0, 0xf0, 0xef, 0xcb, 0x02, 0x00, 0x00, 0x00, 0x00,
    0x00, 0x00, 0x00, 0x00, 0x00, 0x00, 0x00, 0x00, 0x00, 0x00, 0x00, 0x00, 0x00, 0x00, 0x00, 0x00,
    0x00, 0x00, 0x00, 0x01, 0x51, 0x6e, 0xf5, 0xed, 0x9e, 0x66, 0x54, 0x51, 0xde, 0xef, 0xf0, 0xf0,
    0xf1, 0x55, 0xe6, 0xc9, 0x7f, 0x3d, 0x69, 0xc9, 0x54, 0xf5, 0xf0, 0xf0, 0xf0, 0xf0, 0xf0, 0x17,
    0x01, 0x00, 0x00, 0x00, 0x00, 0x00, 0x00, 0x00, 0x00, 0x00, 0x00, 0x00, 0x00, 0x00, 0x00, 0x00,
    0x00, 0x00, 0x00, 0x00, 0x00, 0x00, 0x00, 0x01, 0xd0, 0xa8, 0x5e, 0xb7, 0x85, 0x97, 0xf3, 0xf5,
    0xf0, 0xf0, 0xf0, 0xf0, 0xf1, 0xa2, 0x44, 0x7a, 0xbe, 0xef, 0xf3, 0xef, 0x8b, 0xc1, 0xef, 0xf0,
    0xf0, 0xf0, 0xf5, 0x4f, 0x01, 0x00, 0x00, 0x00, 0x00, 0x00, 0x00, 0x00, 0x00, 0x00, 0x00, 0x00,
    0x00, 0x00, 0x00, 0x00, 0x00, 0x00, 0x00, 0x00, 0x00, 0x00, 0x01, 0x07, 0xca, 0xf2, 0xe5, 0x8b,
    0x3d, 0x26, 0xd5, 0xf3, 0xef, 0xf0, 0xf0, 0xf0, 0xf0, 0xf1, 0xf6, 0xf1, 0xee, 0xf0, 0xef, 0xf2,
    0x68, 0x59, 0xf4, 0xf0, 0xf0, 0xf0, 0xf2, 0x78, 0x01, 0x00, 0x00, 0x00, 0x00, 0x00, 0x00, 0x00,
    0x00, 0x00, 0x00, 0x00, 0x00, 0x00, 0x00, 0x00, 0x00, 0x00, 0x00, 0x00, 0x00, 0x00, 0x01, 0x15,
    0x71, 0xeb, 0xca, 0x57, 0xa7, 0x76, 0x56, 0x71, 0xde, 0xf4, 0xef, 0xee, 0xef, 0xf0, 0xf0, 0xef,
    0xef, 0xf5, 0xc5, 0x4f, 0xb5, 0x57, 0xe3, 0xef, 0xf0, 0xf0, 0xf4, 0x52, 0x01, 0x00, 0x00, 0x00,
    0x00, 0x00, 0x00, 0x00, 0x00, 0x00, 0x00, 0x00, 0x00, 0x00, 0x00, 0x00, 0x00, 0x00, 0x00, 0x00,
    0x00, 0x00, 0x01, 0x0c, 0xa8, 0xba, 0xec, 0x65, 0xb7, 0x85, 0xf4, 0xc2, 0x57, 0x5d, 0xa2, 0xcc,
    0xe7, 0xed, 0xec, 0xe3, 0xaa, 0x4f, 0x7c, 0xec, 0xee, 0xaa, 0x8d, 0xef, 0xef, 0xf2, 0xa7, 0x6b,
    0x07, 0x00, 0x00, 0x00, 0x00, 0x00, 0x00, 0x00, 0x00, 0x00, 0x00, 0x00, 0x00, 0x00, 0x00, 0x00,
    0x00, 0x00, 0x00, 0x00, 0x00, 0x00, 0x00, 0x01, 0xc4, 0x63, 0xf9, 0x6c, 0xe1, 0x7b, 0xf2, 0xef,
    0xf4, 0xe7, 0xa8, 0x73, 0x57, 0x59, 0x58, 0x70, 0xa5, 0xe8, 0xf2, 0xf0, 0xf0, 0xeb, 0x38, 0x93,
    0x95, 0x6a, 0x5f, 0xf5, 0x49, 0x01, 0x00, 0x00, 0x00, 0x00, 0x00, 0x00, 0x00, 0x00, 0x00, 0x00,
    0x00, 0x00, 0x00, 0x00, 0x00, 0x00, 0x00, 0x00, 0x00, 0x00, 0x00, 0x01, 0x5b, 0xb2, 0x86, 0x7a,
    0xb4, 0x5d, 0xf5, 0xf0, 0xf0, 0xf0, 0xe6, 0xf2, 0xf6, 0xf6, 0xf6, 0xf3, 0xef, 0xef, 0xf0, 0xf0,
    0xf0, 0xf6, 0x43, 0xb7, 0xb0, 0xcf, 0xf4, 0xe0, 0x86, 0x01, 0x00, 0x00, 0x00, 0x00, 0x00, 0x00,
    0x00, 0x00, 0x00, 0x00, 0x00, 0x00, 0x00, 0x00, 0x00, 0x00, 0x00, 0x00, 0x00, 0x00, 0x00, 0x00,
    0x03, 0xb7, 0xb8, 0x78, 0xf3, 0x52, 0xf6, 0xf0, 0xf0, 0xf5, 0x5e, 0xeb, 0xef, 0xf0, 0xf0, 0xf0,
    0xf0, 0xf0, 0xf0, 0xf0, 0xef, 0xc9, 0x7f, 0xf1, 0xef, 0xef, 0xe9, 0x88, 0xa3, 0x02, 0x00, 0x00,
    0x00, 0x00, 0x00, 0x00, 0x00, 0x00, 0x00, 0x00, 0x00, 0x00, 0x00, 0x00, 0x00, 0x00, 0x00, 0x00,
    0x00, 0x00, 0x00, 0x00, 0x01, 0x11, 0xb3, 0xdd, 0x63, 0x39, 0xf6, 0xf0, 0xf0, 0xf4, 0x65, 0xe1,
    0xef, 0xf0, 0xf0, 0xf0, 0xf0, 0xf0, 0xf0, 0xef, 0xe1, 0x4b, 0xee, 0x81, 0xab, 0xeb, 0x97, 0x9d,
    0x75, 0x01, 0x00, 0x00, 0x00, 0x00, 0x00, 0x00, 0x00, 0x00, 0x00, 0x00, 0x00, 0x00, 0x00, 0x00,
    0x00, 0x00, 0x00, 0x00, 0x00, 0x00, 0x00, 0x00, 0x00, 0x01, 0x01, 0x2b, 0x06, 0x0d, 0xe9, 0xef,
    0xf0, 0xf0, 0x8c, 0xb9, 0xee, 0xf0, 0xf0, 0xf0, 0xf0, 0xf0, 0xf0, 0xf0, 0x89, 0x90, 0x51, 0x02,
    0xa4, 0xf4, 0x84, 0xa0, 0x23, 0x00, 0x00, 0x00, 0x00, 0x00, 0x00, 0x00, 0x00, 0x00, 0x00, 0x00,
    0x00, 0x00, 0x00, 0x00, 0x00, 0x00, 0x00, 0x00, 0x00, 0x00, 0x00, 0x00, 0x00, 0x00, 0x00, 0x02,
    0x00, 0x01, 0xd3, 0xef, 0xf0, 0xef, 0xbd, 0x81, 0xf1, 0xf0, 0xf0, 0xf0, 0xf0, 0xf0, 0xf0, 0xf0,
    0xee, 0x20, 0x02, 0x01, 0x92, 0xf0, 0x73, 0x40, 0x01, 0x00, 0x00, 0x00, 0x00, 0x00, 0x00, 0x00,
    0x00, 0x00, 0x00, 0x00, 0x00, 0x00, 0x00, 0x00, 0x00, 0x00, 0x00, 0x00, 0x00, 0x00, 0x00, 0x00,
    0x00, 0x00, 0x00, 0x00, 0x00, 0x02, 0xa9, 0xef, 0xf0, 0xef, 0xe6, 0x4a, 0xf5, 0xf0, 0xf0, 0xf0,
    0xf0, 0xf0, 0xf0, 0xef, 0xa8, 0x12, 0x00, 0x01, 0x74, 0xdd, 0x0a, 0x00, 0x00, 0x00, 0x00, 0x00,
    0x00, 0x00, 0x00, 0x00, 0x00, 0x00, 0x00, 0x00, 0x00, 0x00, 0x00, 0x00, 0x00, 0x00, 0x00, 0x00,
    0x00, 0x00, 0x00, 0x00, 0x00, 0x00, 0x00, 0x00, 0x00, 0x01, 0x75, 0xf2, 0xf0, 0xf0, 0xf5, 0x38,
    0xef, 0xf0, 0xf0, 0xf0, 0xf0, 0xf0, 0xef, 0xe6, 0x4b, 0xa5, 0x02, 0x03, 0x45, 0xa8, 0x02, 0x00,
    0x00, 0x00, 0x00, 0x00, 0x00, 0x00, 0x00, 0x00, 0x00, 0x00, 0x00, 0x00, 0x00, 0x00, 0x00, 0x00,
    0x00, 0x00, 0x00, 0x00, 0x00, 0x00, 0x00, 0x00, 0x00, 0x00, 0x00, 0x00, 0x00, 0x02, 0x44, 0xf5,
    0xf0, 0xf0, 0xf2, 0x6f, 0xb8, 0xef, 0xf0, 0xf0, 0xf0, 0xf0, 0xf1, 0x4b, 0xd6, 0xed, 0x1b, 0x36,
    0x09, 0x23, 0x00, 0x00, 0x00, 0x00, 0x00, 0x00, 0x00, 0x00, 0x00, 0x00, 0x00, 0x00, 0x00, 0x00,
    0x00, 0x00, 0x00, 0x00, 0x00, 0x00, 0x00, 0x00, 0x00, 0x00, 0x00, 0x00, 0x00, 0x00, 0x00, 0x00,
    0x00, 0x01, 0x12, 0xee, 0xf0, 0xf0, 0xef, 0xc6, 0x62, 0xf4, 0xf0, 0xf0, 0xf0, 0xf0, 0xaf, 0xbd,
    0xf0, 0xf6, 0x4d, 0xf1, 0x12, 0x02, 0x00, 0x00, 0x00, 0x00, 0x00, 0x00, 0x00, 0x00, 0x00, 0x00,
    0x00, 0x00, 0x00, 0x00, 0x00, 0x00, 0x00, 0x00, 0x00, 0x00, 0x00, 0x00, 0x00, 0x00, 0x00, 0x00,
    0x00, 0x00, 0x00, 0x00, 0x00, 0x00, 0x01, 0xc8, 0xef, 0xf0, 0xf0, 0xf5, 0x3a, 0xe1, 0xef, 0xf0,
    0xf0, 0xf0, 0xf3, 0xf0, 0xf0, 0xf6, 0x61, 0xf8, 0x43, 0x02, 0x00, 0x00, 0x00, 0x00, 0x00, 0x00,
    0x00, 0x00, 0x00, 0x00, 0x00, 0x00, 0x00, 0x00, 0x00, 0x00, 0x00, 0x00, 0x00, 0x00, 0x00, 0x00,
    0x00, 0x00, 0x00, 0x00, 0x00, 0x00, 0x00, 0x00, 0x00, 0x00, 0x01, 0x83, 0xf1, 0xf0, 0xf0, 0xef,
    0xb2, 0x54, 0xf4, 0xf0, 0xf0, 0xf0, 0xf0, 0xf0, 0xf0, 0xf6, 0x5e, 0xed, 0x23, 0x01, 0x00, 0x00,
    0x00, 0x00, 0x00, 0x00, 0x00, 0x00, 0x00, 0x00, 0x00, 0x00, 0x00, 0x00, 0x00, 0x00, 0x00, 0x00,
    0x00, 0x00, 0x00, 0x00, 0x00, 0x00, 0x00, 0x00, 0x00, 0x00, 0x00, 0x00, 0x00, 0x00, 0x02, 0x3d,
    0xf5, 0xf0, 0xf0, 0xf0, 0xf2, 0x6d, 0x7e, 0xf2, 0xf0, 0xf0, 0xf0, 0xf0, 0xf0, 0xf1, 0x48, 0xb1,
    0x02, 0x00, 0x00, 0x00, 0x00, 0x00, 0x00, 0x00, 0x00, 0x00, 0x00, 0x00, 0x00, 0x00, 0x00, 0x00,
    0x00, 0x00, 0x00, 0x00, 0x00, 0x00, 0x00, 0x00, 0x00, 0x00, 0x00, 0x00, 0x00, 0x00, 0x00, 0x00,
    0x00, 0x00, 0x00, 0x06, 0xe0, 0xef, 0xf0, 0xf0, 0xf0, 0xf2, 0x5f, 0x79, 0xf2, 0xef, 0xf0, 0xf0,
    0xee, 0xb7, 0x73, 0xb9, 0x01, 0x00, 0x00, 0x00, 0x00, 0x00, 0x00, 0x00, 0x00, 0x00, 0x00, 0x00,
    0x00, 0x00, 0x00, 0x00, 0x00, 0x00, 0x00, 0x00, 0x00, 0x00, 0x00, 0x00, 0x00, 0x00, 0x00, 0x00,
    0x00, 0x00, 0x00, 0x00, 0x00, 0x00, 0x00, 0x02, 0x96, 0xf0, 0xf0, 0xf0, 0xf0, 0xef, 0xf2, 0x80,
    0x3f, 0xc9, 0xf4, 0xf5, 0xee, 0x36, 0xd3, 0xf0, 0x95, 0x01, 0x00, 0x00, 0x00, 0x00, 0x00, 0x00,
    0x00, 0x00, 0x00, 0x00, 0x00, 0x00, 0x00, 0x00, 0x00, 0x00, 0x00, 0x00, 0x00, 0x00, 0x00, 0x00,
    0x00, 0x00, 0x00, 0x00, 0x00, 0x00, 0x00, 0x00, 0x00, 0x00, 0x00, 0x02, 0x37, 0xf4, 0xf0, 0xf0,
    0xf0, 0xf0, 0xf0, 0xf2, 0xc1, 0x0b, 0x26, 0x34, 0x30, 0xac, 0xf1, 0xef, 0xdd, 0x02, 0x00, 0x00,
    0x00, 0x00, 0x00, 0x00, 0x00, 0x00, 0x00, 0x00, 0x00, 0x00, 0x00, 0x00, 0x00, 0x00, 0x00, 0x00,
    0x00, 0x00, 0x00, 0x00, 0x00, 0x00, 0x00, 0x00, 0x00, 0x00, 0x00, 0x00, 0x00, 0x00, 0x00, 0x00,
    0x02, 0xc8, 0xef, 0xf0, 0xf0, 0xf0, 0xf0, 0xf0, 0xf3, 0x24, 0x03, 0x03, 0x74, 0xf3, 0xf0, 0xef,
    0xe2, 0x05, 0x00, 0x00, 0x00, 0x00, 0x00, 0x00, 0x00, 0x00, 0x00, 0x00, 0x00, 0x00, 0x00, 0x00,
    0x00, 0x00, 0x00, 0x00, 0x00, 0x00, 0x00, 0x00, 0x00, 0x00, 0x00, 0x00, 0x00, 0x00, 0x00, 0x00,
    0x00, 0x00, 0x00, 0x00, 0x01, 0x5f, 0xf4, 0xf0, 0xf0, 0xf0, 0xf0, 0xf0, 0xf4, 0x5b, 0x01, 0x02,
    0x25, 0xf3, 0xf0, 0xef, 0xb4, 0x02, 0x00, 0x00, 0x00, 0x00, 0x00, 0x00, 0x00, 0x00, 0x00, 0x00,
    0x00, 0x00, 0x00, 0x00, 0x00, 0x00, 0x00, 0x00, 0x00, 0x00, 0x00, 0x00, 0x00, 0x00, 0x00, 0x00,
    0x00, 0x00, 0x00, 0x00, 0x00, 0x00, 0x00, 0x00, 0x01, 0x0c, 0xe5, 0xef, 0xf0, 0xf0, 0xf0, 0xf0,
    0xef, 0xa5, 0x02, 0x00, 0x02, 0xcd, 0xee, 0xf4, 0x3e, 0x01, 0x00, 0x00, 0x00, 0x00, 0x00, 0x00,
    0x00, 0x00, 0x00, 0x00, 0x00, 0x00, 0x00, 0x00, 0x00, 0x00, 0x00, 0x00, 0x00, 0x00, 0x00, 0x00,
    0x00, 0x00, 0x00, 0x00, 0x00, 0x00, 0x00, 0x00, 0x00, 0x00, 0x00, 0x00, 0x00, 0x01, 0x8b, 0xf1,
    0xf0, 0xf0, 0xf0, 0xf0, 0xef, 0xe5, 0x09, 0x01, 0x01, 0x70, 0xf5, 0x8f, 0x02, 0x00, 0x00, 0x00,
    0x00, 0x00, 0x00, 0x00, 0x00, 0x00, 0x00, 0x00, 0x00, 0x00, 0x00, 0x00, 0x00, 0x00, 0x00, 0x00,
    0x00, 0x00, 0x00, 0x00, 0x00, 0x00, 0x00, 0x00, 0x00, 0x00, 0x00, 0x00, 0x00, 0x00, 0x00, 0x00,
    0x00, 0x01, 0x24, 0xf1, 0xf0, 0xf0, 0xf0, 0xf0, 0xf0, 0xf5, 0x45, 0x02, 0x00, 0x06, 0x54, 0x04,
    0x00, 0x00, 0x00, 0x00, 0x00, 0x00, 0x00, 0x00, 0x00, 0x00, 0x00, 0x00, 0x00, 0x00, 0x00, 0x00,
    0x00, 0x00, 0x00, 0x00, 0x00, 0x00, 0x00, 0x00, 0x00, 0x00, 0x00, 0x00, 0x00, 0x00, 0x00, 0x00,
    0x00, 0x00, 0x00, 0x00, 0x00, 0x00, 0x01, 0x9f, 0xf0, 0xf0, 0xf0, 0xf0, 0xee, 0xdc, 0x15, 0x01,
    0x00, 0x00, 0x01, 0x00, 0x00, 0x00, 0x00, 0x00, 0x00, 0x00, 0x00, 0x00, 0x00, 0x00, 0x00, 0x00,
    0x00, 0x00, 0x00, 0x00, 0x00, 0x00, 0x00, 0x00, 0x00, 0x00, 0x00, 0x00, 0x00, 0x00, 0x00, 0x00,
    0x00, 0x00, 0x00, 0x00, 0x00, 0x00, 0x00, 0x00, 0x00, 0x00, 0x01, 0x1a, 0xe9, 0xf2, 0xf2, 0xf5,
    0xdf, 0x4e, 0x9b, 0x02, 0x00, 0x00, 0x00, 0x00, 0x00, 0x00, 0x00, 0x00, 0x00, 0x00, 0x00, 0x00,
    0x00, 0x00, 0x00, 0x00, 0x00, 0x00, 0x00, 0x00, 0x00, 0x00, 0x00, 0x00, 0x00, 0x00, 0x00, 0x00,
    0x00, 0x00, 0x00, 0x00, 0x00, 0x00, 0x00, 0x00, 0x00, 0x00, 0x00, 0x00, 0x00, 0x01, 0x04, 0x6d,
    0x42, 0x70, 0x7b, 0x61, 0x6d, 0xe6, 0xd1, 0x02, 0x00, 0x00, 0x00, 0x00, 0x00, 0x00, 0x00, 0x00,
    0x00, 0x00, 0x00, 0x00, 0x00, 0x00, 0x00, 0x00, 0x00, 0x00, 0x00, 0x00, 0x00, 0x00, 0x00, 0x00,
    0x00, 0x00, 0x00, 0x00, 0x00, 0x00, 0x00, 0x00, 0x00, 0x00, 0x00, 0x00, 0x00, 0x00, 0x00, 0x00,
    0x00, 0x03, 0x9b, 0xf4, 0xf1, 0xdd, 0xda, 0xed, 0xe3, 0xf4, 0xa7, 0x02, 0x00, 0x00, 0x00, 0x00,
    0x00, 0x00, 0x00, 0x00, 0x00, 0x00, 0x00, 0x00, 0x00, 0x00, 0x00, 0x00, 0x00, 0x00, 0x00, 0x00,
    0x00, 0x00, 0x00, 0x00, 0x00, 0x00, 0x00, 0x00, 0x00, 0x00, 0x00, 0x00, 0x00, 0x00, 0x00, 0x00,
    0x00, 0x00, 0x00, 0x00, 0x02, 0x85, 0xf2, 0xf0, 0xf0, 0xef, 0xf1, 0x85, 0x11, 0x5c, 0x05, 0x00,
    0x00, 0x00, 0x00, 0x00, 0x00, 0x00, 0x00, 0x00, 0x00, 0x00, 0x00, 0x00, 0x00, 0x00, 0x00, 0x00,
    0x00, 0x00, 0x00, 0x00, 0x00, 0x00, 0x00, 0x00, 0x00, 0x00, 0x00, 0x00, 0x00, 0x00, 0x00, 0x00,
    0x00, 0x00, 0x00, 0x00, 0x00, 0x00, 0x00, 0x01, 0x43, 0xf4, 0xf0, 0xef, 0xf2, 0xed, 0x77, 0x02,
    0x01, 0x01, 0x00, 0x00, 0x00, 0x00, 0x00, 0x00, 0x00, 0x00, 0x00, 0x00, 0x00, 0x00, 0x00, 0x00,
    0x00, 0x00, 0x00, 0x00, 0x00, 0x00, 0x00, 0x00, 0x00, 0x00, 0x00, 0x00, 0x00, 0x00, 0x00, 0x00,
    0x00, 0x00, 0x00, 0x00, 0x00, 0x00, 0x00, 0x00, 0x00, 0x00, 0x00, 0x01, 0x81, 0xf3, 0xef, 0xd6,
    0x7c, 0x1b, 0x01, 0x00, 0x00, 0x00, 0x00, 0x00, 0x00, 0x00, 0x00, 0x00, 0x00, 0x00, 0x00, 0x00,
    0x00, 0x00, 0x00, 0x00, 0x00, 0x00, 0x00, 0x00, 0x00, 0x00, 0x00, 0x00, 0x00, 0x00, 0x00, 0x00,
    0x00, 0x00, 0x00, 0x00, 0x00, 0x00, 0x00, 0x00, 0x00, 0x00, 0x00, 0x00, 0x00, 0x00, 0x00, 0x00,
    0x04, 0x1d, 0x17, 0x01, 0x01, 0x01, 0x00, 0x00, 0x00, 0x00, 0x00, 0x00, 0x00, 0x00, 0x00, 0x00,
    0x00, 0x00, 0x00, 0x00, 0x00, 0x00, 0x00, 0x00, 0x00, 0x00, 0x00, 0x00, 0x00, 0x00, 0x00, 0x00,
    0x00, 0x00, 0x00, 0x00, 0x00, 0x00, 0x00, 0x00, 0x00, 0x00, 0x00, 0x00, 0x00, 0x00, 0x00, 0x00,
    0x00, 0x00, 0x00, 0x00, 0x00, 0x02, 0x01, 0x00, 0x00, 0x00, 0x00, 0x00, 0x00, 0x00, 0x00, 0x00,
    0x00, 0x00, 0x00, 0x00, 0x00, 0x00, 0x00, 0x00, 0x00, 0x00, 0x00, 0x00, 0x00, 0x00, 0x00, 0x00,
    0x00, 0x00, 0x00, 0x00, 0x00, 0x00, 0x00, 0x00, 0x00, 0x00, 0x00, 0x00, 0x00, 0x00, 0x00, 0x00,
    0x00, 0x00, 0x00, 0x00, 0x00, 0x00, 0x00, 0x00, 0x00, 0x00, 0x00, 0x00, 0x00, 0x00, 0x00, 0x00,
    0x00, 0x00, 0x00, 0x00, 0x00, 0x00, 0x00, 0x00, 0x00, 0x00, 0x00, 0x00, 0x00, 0x00, 0x00, 0x00,
    0x00, 0x00, 0x00, 0x00, 0x00, 0x00, 0x00, 0x00, 0x00, 0x00, 0x00, 0x00, 0x00, 0x00, 0x00, 0x00,
    0x00, 0x00, 0x00, 0x00, 0x00, 0x00, 0x00, 0x00, 0x00, 0x00, 0x00, 0x00, 0x00, 0x00, 0x00, 0x00,
    0x00, 0x00, 0x00, 0x00, 0x00, 0x00, 0x00, 0x00, 0x00, 0x00, 0x00, 0x00, 0x00, 0x00, 0x00, 0x00,
    0x00, 0x00, 0x00, 0x00, 0x00, 0x00, 0x00, 0x00, 0x00, 0x00, 0x00, 0x00,
};

const lv_image_dsc_t pipboy_frame_6 = {
    .header = {
        .magic = LV_IMAGE_HEADER_MAGIC,
        .cf = LV_COLOR_FORMAT_A8,
        .flags = 0,
        .w = 52,
        .h = 75,
        .stride = 52,
        .reserved_2 = 0,
    },
    .data_size = sizeof(pipboy_frame_6_map),
    .data = pipboy_frame_6_map,
    .reserved = NULL,
};

const LV_ATTRIBUTE_MEM_ALIGN LV_ATTRIBUTE_LARGE_CONST uint8_t pipboy_frame_7_map[] = {
    0x00, 0x00, 0x00, 0x00, 0x00, 0x00, 0x00, 0x00, 0x00, 0x00, 0x00, 0x00, 0x00, 0x00, 0x00, 0x00,
    0x00, 0x00, 0x00, 0x00, 0x00, 0x00, 0x00, 0x00, 0x00, 0x00, 0x00, 0x00, 0x00, 0x00, 0x00, 0x00,
    0x00, 0x00, 0x00, 0x00, 0x00, 0x00, 0x00, 0x00, 0x00, 0x00, 0x00, 0x00, 0x00, 0x00, 0x00, 0x00,
    0x00, 0x00, 0x00, 0x00, 0x00, 0x00, 0x00, 0x00, 0x00, 0x00, 0x00, 0x00, 0x00, 0x00, 0x00, 0x00,
    0x00, 0x00, 0x00, 0x00, 0x00, 0x00, 0x00, 0x00, 0x00, 0x00, 0x01, 0x00, 0x00, 0x01, 0x00, 0x00,
    0x00, 0x00, 0x00, 0x00, 0x00, 0x00, 0x00, 0x00, 0x00, 0x00, 0x00, 0x00, 0x00, 0x00, 0x00, 0x00,
    0x00, 0x00, 0x00, 0x00, 0x00, 0x00, 0x00, 0x00, 0x00, 0x00, 0x00, 0x00, 0x00, 0x00, 0x00, 0x00,
    0x00, 0x00, 0x00, 0x00, 0x00, 0x00, 0x00, 0x00, 0x00, 0x00, 0x00, 0x01, 0x01, 0x02, 0x06, 0xb6,
    0xcf, 0x5b, 0x05, 0x01, 0x01, 0x00, 0x00, 0x00, 0x00, 0x00, 0x00, 0x00, 0x00, 0x00, 0x00, 0x00,
    0x00, 0x00, 0x00, 0x00, 0x00, 0x00, 0x00, 0x00, 0x00, 0x00, 0x00, 0x00, 0x00, 0x00, 0x00, 0x00,
    0x00, 0x00, 0x00, 0x00, 0x00, 0x00, 0x00, 0x00, 0x00, 0x00, 0x00, 0x00, 0x00, 0x00, 0x01, 0x20,
    0x7e, 0x48, 0x91, 0xf4, 0xf2, 0xf6, 0xe3, 0xcf, 0x6f, 0x01, 0x01, 0x00, 0x00, 0x00, 0x00, 0x00,
    0x00, 0x00, 0x00, 0x00, 0x00, 0x00, 0x00, 0x00, 0x00, 0x00, 0x00, 0x00, 0x00, 0x00, 0x00, 0x00,
    0x00, 0x00, 0x00, 0x00, 0x00, 0x00, 0x00, 0x00, 0x00, 0x00, 0x00, 0x00, 0x00, 0x00, 0x05, 0x29,
    0x01, 0x01, 0x21, 0xd8, 0xf3, 0xf8, 0xf5, 0xf2, 0xf5, 0xf2, 0xf2, 0xf1, 0xf5, 0xa9, 0x0e, 0x01,
    0x00, 0x00, 0x00, 0x00, 0x00, 0x00, 0x00, 0x00, 0x00, 0x00, 0x00, 0x00, 0x00, 0x00, 0x00, 0x00,
    0x00, 0x00, 0x00, 0x00, 0x00, 0x00, 0x00, 0x00, 0x00, 0x00, 0x00, 0x00, 0x00, 0x00, 0x00, 0x00,
    0x00, 0x02, 0x36, 0xe4, 0x62, 0x6c, 0xe8, 0xe5, 0xe4, 0xf8, 0xf7, 0xc7, 0x77, 0xd6, 0xf3, 0xf3,
    0xf8, 0xf7, 0xc3, 0x12, 0x01, 0x00, 0x00, 0x00, 0x00, 0x00, 0x00, 0x00, 0x00, 0x00, 0x00, 0x00,
    0x00, 0x00, 0x00, 0x00, 0x00, 0x00, 0x00, 0x00, 0x00, 0x00, 0x00, 0x00, 0x00, 0x00, 0x00, 0x00,
    0x00, 0x00, 0x00, 0x00, 0x00, 0x02, 0x46, 0xf6, 0xf7, 0xf4, 0xc1, 0x4f, 0x63, 0x68, 0x83, 0x92,
    0x8e, 0x3c, 0xd4, 0x9c, 0x76, 0x6c, 0xb7, 0xd6, 0x1d, 0x01, 0x00, 0x00, 0x00, 0x00, 0x00, 0x00,
    0x00, 0x00, 0x00, 0x00, 0x00, 0x00, 0x00, 0x00, 0x00, 0x00, 0x00, 0x00, 0x00, 0x00, 0x00, 0x00,
    0x00, 0x00, 0x00, 0x00, 0x00, 0x00, 0x00, 0x00, 0x00, 0x01, 0x0f, 0xcd, 0xf7, 0xd2, 0x51, 0xf7,
    0xf7, 0xf8, 0xf7, 0xf3, 0xf3, 0xed, 0x95, 0xd7, 0xf6, 0xe0, 0x1c, 0xeb, 0xa4, 0x02, 0x00, 0x00,
    0x00, 0x00, 0x00, 0x00, 0x00, 0x00, 0x00, 0x00, 0x00, 0x00, 0x00, 0x00, 0x00, 0x00, 0x00, 0x00,
    0x00, 0x00, 0x00, 0x00, 0x00, 0x00, 0x00, 0x00, 0x00, 0x00, 0x00, 0x00, 0x00, 0x01, 0x1d, 0x5a,
    0x27, 0x4c, 0xeb, 0xf2, 0xf3, 0xf3, 0xf3, 0xf3, 0xf6, 0xf5, 0xf4, 0xf2, 0xf3, 0xf7, 0x35, 0xea,
    0xe6, 0x05, 0x01, 0x00, 0x00, 0x00, 0x00, 0x00, 0x00, 0x00, 0x00, 0x00, 0x00, 0x00, 0x00, 0x00,
    0x00, 0x00, 0x00, 0x00, 0x00, 0x00, 0x00, 0x00, 0x00, 0x00, 0x00, 0x00, 0x00, 0x00, 0x00, 0x00,
    0x00, 0x01, 0x1e, 0x8d, 0x8b, 0x82, 0x3a, 0xf5, 0xf3, 0xf3, 0xf3, 0xf4, 0x94, 0x6c, 0xf4, 0xf3,
    0xf4, 0x9b, 0x78, 0xf5, 0xf3, 0x1b, 0x01, 0x00, 0x00, 0x00, 0x00, 0x00, 0x00, 0x00, 0x00, 0x00,
    0x00, 0x00, 0x00, 0x00, 0x00, 0x00, 0x00, 0x00, 0x00, 0x00, 0x00, 0x00, 0x00, 0x00, 0x00, 0x00,
    0x00, 0x00, 0x00, 0x00, 0x00, 0x00, 0x01, 0x21, 0xf0, 0xd0, 0xeb, 0xf4, 0xf3, 0xf3, 0xf3, 0xf2,
    0xf5, 0x8c, 0xd1, 0xf2, 0xf4, 0x91, 0x68, 0xa7, 0xf4, 0x1b, 0x01, 0x00, 0x00, 0x00, 0x00, 0x00,
    0x00, 0x00, 0x00, 0x00, 0x00, 0x00, 0x00, 0x00, 0x00, 0x00, 0x00, 0x00, 0x00, 0x00, 0x00, 0x00,
    0x00, 0x00, 0x00, 0x00, 0x00, 0x00, 0x00, 0x00, 0x00, 0x00, 0x02, 0x90, 0xf6, 0x79, 0xcb, 0xf1,
    0xe9, 0xcc, 0xf3, 0xf5, 0x83, 0xec, 0xf4, 0xf3, 0xf3, 0xcd, 0x7f, 0x70, 0x8a, 0x06, 0x01, 0x00,
    0x00, 0x00, 0x00, 0x00, 0x00, 0x00, 0x00, 0x00, 0x00, 0x00, 0x00, 0x00, 0x00, 0x00, 0x00, 0x00,
    0x00, 0x00, 0x00, 0x00, 0x00, 0x00, 0x00, 0x00, 0x00, 0x00, 0x00, 0x00, 0x00, 0x00, 0x01, 0xd9,
    0xf5, 0x39, 0xab, 0xf4, 0x64, 0xb0, 0xf1, 0xe4, 0x03, 0xc8, 0xf1, 0xf3, 0xf5, 0xaa, 0x8a, 0x7a,
    0x68, 0x02, 0x00, 0x00, 0x00, 0x00, 0x00, 0x00, 0x00, 0x00, 0x00, 0x00, 0x00, 0x00, 0x00, 0x00,
    0x00, 0x00, 0x00, 0x00, 0x00, 0x00, 0x00, 0x00, 0x00, 0x00, 0x00, 0x00, 0x00, 0x00, 0x00, 0x00,
    0x00, 0x00, 0x00, 0xe6, 0xf3, 0xce, 0xea, 0xb8, 0x5c, 0xf6, 0xf3, 0xf0, 0x4f, 0xdc, 0xf2, 0xf3,
    0xf3, 0xc2, 0x6b, 0x82, 0x28, 0x01, 0x00, 0x00, 0x00, 0x00, 0x00, 0x00, 0x00, 0x00, 0x00, 0x00,
    0x00, 0x00, 0x00, 0x00, 0x00, 0x00, 0x00, 0x00, 0x00, 0x00, 0x00, 0x00, 0x00, 0x00, 0x00, 0x00,
    0x00, 0x00, 0x00, 0x00, 0x00, 0x01, 0x04, 0xe9, 0xf2, 0xf2, 0xf7, 0x3e, 0xef, 0xf3, 0xf3, 0xf3,
    0xf7, 0xf3, 0xf3, 0xf3, 0xf3, 0xe1, 0xcf, 0xcc, 0x04, 0x00, 0x00, 0x00, 0x00, 0x00, 0x00, 0x00,
    0x00, 0x00, 0x00, 0x00, 0x00, 0x00, 0x00, 0x00, 0x00, 0x00, 0x00, 0x00, 0x00, 0x00, 0x00, 0x00,
    0x00, 0x00, 0x00, 0x00, 0x00, 0x00, 0x00, 0x00, 0x00, 0x00, 0x03, 0xe6, 0xf2, 0xf2, 0xf5, 0x6e,
    0xb4, 0xf3, 0xf3, 0xf3, 0xf4, 0xf3, 0xf3, 0xf3, 0xf3, 0xf3, 0xf3, 0xf6, 0x43, 0x02, 0x00, 0x00,
    0x00, 0x00, 0x00, 0x00, 0x00, 0x00, 0x00, 0x00, 0x00, 0x00, 0x00, 0x00, 0x00, 0x00, 0x00, 0x00,
    0x00, 0x00, 0x00, 0x00, 0x00, 0x00, 0x00, 0x00, 0x00, 0x00, 0x00, 0x00, 0x00, 0x00, 0x02, 0xc6,
    0xf0, 0xe2, 0xf7, 0xf4, 0xef, 0xf7, 0xf8, 0xee, 0x98, 0xf6, 0xf3, 0xf3, 0xf3, 0xf3, 0xf2, 0xf6,
    0x4f, 0x02, 0x00, 0x00, 0x00, 0x00, 0x00, 0x00, 0x00, 0x00, 0x00, 0x00, 0x00, 0x00, 0x00, 0x00,
    0x00, 0x00, 0x00, 0x00, 0x00, 0x00, 0x00, 0x00, 0x00, 0x00, 0x00, 0x00, 0x00, 0x00, 0x00, 0x00,
    0x00, 0x00, 0x01, 0x8b, 0x84, 0x73, 0x98, 0xae, 0xb0, 0x9b, 0x91, 0x9d, 0x4d, 0x8c, 0xf4, 0xf3,
    0xf3, 0xf2, 0xe9, 0xc9, 0x12, 0x01, 0x00, 0x00, 0x00, 0x00, 0x00, 0x00, 0x00, 0x00, 0x00, 0x00,
    0x00, 0x00, 0x00, 0x00, 0x00, 0x00, 0x00, 0x00, 0x00, 0x00, 0x00, 0x00, 0x00, 0x00, 0x00, 0x00,
    0x00, 0x00, 0x00, 0x00, 0x00, 0x00, 0x01, 0x23, 0xab, 0x87, 0x94, 0xc0, 0xdf, 0xe6, 0xc6, 0x72,
    0x8f, 0x9e, 0xf5, 0xf3, 0xf2, 0xc0, 0x09, 0x01, 0x00, 0x00, 0x00, 0x00, 0x00, 0x00, 0x00, 0x00,
    0x00, 0x00, 0x00, 0x00, 0x00, 0x00, 0x00, 0x00, 0x00, 0x00, 0x00, 0x00, 0x00, 0x00, 0x00, 0x00,
    0x00, 0x00, 0x00, 0x00, 0x00, 0x00, 0x00, 0x00, 0x00, 0x00, 0x00, 0x02, 0x7e, 0xf8, 0xf0, 0xbf,
    0x9c, 0x8e, 0xa4, 0xeb, 0xf4, 0xf5, 0xf3, 0xf2, 0xe8, 0x23, 0x02, 0x00, 0x00, 0x00, 0x00, 0x00,
    0x00, 0x00, 0x00, 0x00, 0x00, 0x00, 0x00, 0x00, 0x00, 0x00, 0x00, 0x00, 0x00, 0x00, 0x00, 0x00,
    0x00, 0x00, 0x00, 0x00, 0x00, 0x00, 0x00, 0x00, 0x00, 0x00, 0x00, 0x00, 0x00, 0x00, 0x00, 0x01,
    0x07, 0xb5, 0xf4, 0xf1, 0xf3, 0xf4, 0xf2, 0xf3, 0xf3, 0xf3, 0xf3, 0xe5, 0x40, 0x05, 0x01, 0x00,
    0x00, 0x00, 0x00, 0x00, 0x00, 0x00, 0x00, 0x00, 0x00, 0x00, 0x00, 0x00, 0x00, 0x00, 0x00, 0x00,
    0x00, 0x00, 0x00, 0x00, 0x00, 0x00, 0x00, 0x00, 0x00, 0x00, 0x00, 0x00, 0x00, 0x00, 0x00, 0x00,
    0x00, 0x00, 0x00, 0x00, 0x01, 0x08, 0x84, 0xef, 0xf6, 0xf2, 0xf3, 0xf3, 0xf3, 0xf3, 0xdd, 0x96,
    0x5c, 0xa6, 0x04, 0x00, 0x00, 0x00, 0x00, 0x00, 0x00, 0x00, 0x00, 0x00, 0x00, 0x00, 0x00, 0x00,
    0x00, 0x00, 0x00, 0x00, 0x00, 0x00, 0x00, 0x00, 0x00, 0x00, 0x00, 0x00, 0x00, 0x00, 0x00, 0x00,
    0x00, 0x00, 0x00, 0x00, 0x00, 0x00, 0x00, 0x00, 0x00, 0x01, 0x01, 0x25, 0x6c, 0xc4, 0xed, 0xf7,
    0xf3, 0xf2, 0xf4, 0x8b, 0x9b, 0xf5, 0x90, 0x02, 0x00, 0x00, 0x00, 0x00, 0x00, 0x00, 0x00, 0x00,
    0x00, 0x00, 0x00, 0x00, 0x00, 0x00, 0x00, 0x00, 0x00, 0x00, 0x00, 0x00, 0x00, 0x00, 0x00, 0x00,
    0x00, 0x00, 0x00, 0x00, 0x00, 0x00, 0x00, 0x00, 0x00, 0x00, 0x00, 0x00, 0x00, 0x01, 0x42, 0xe7,
    0xc9, 0x31, 0x30, 0x6b, 0xe5, 0xbe, 0x55, 0x93, 0xf4, 0xf5, 0x74, 0x41, 0x02, 0x00, 0x00, 0x00,
    0x00, 0x00, 0x00, 0x00, 0x00, 0x00, 0x00, 0x00, 0x00, 0x00, 0x00, 0x00, 0x00, 0x00, 0x00, 0x00,
    0x00, 0x00, 0x00, 0x00, 0x00, 0x00, 0x00, 0x00, 0x00, 0x00, 0x00, 0x00, 0x00, 0x00, 0x00, 0x00,
    0x01, 0x03, 0xd5, 0xf0, 0xf3, 0xf5, 0xbb, 0x77, 0x58, 0x7a, 0xdc, 0xf4, 0xf2, 0xca, 0x2d, 0xf3,
    0x4c, 0x01, 0x00, 0x00, 0x00, 0x00, 0x00, 0x00, 0x00, 0x00, 0x00, 0x00, 0x00, 0x00, 0x00, 0x00,
    0x00, 0x00, 0x00, 0x00, 0x00, 0x00, 0x00, 0x00, 0x00, 0x00, 0x00, 0x00, 0x00, 0x00, 0x00, 0x00,
    0x00, 0x00, 0x00, 0x02, 0x30, 0xd6, 0x49, 0xd4, 0xf5, 0xf3, 0xf2, 0xf6, 0xf8, 0xf4, 0xf2, 0xf3,
    0xd7, 0x2c, 0xcb, 0xf2, 0xec, 0x2c, 0x02, 0x00, 0x00, 0x00, 0x00, 0x00, 0x00, 0x00, 0x00, 0x00,
    0x00, 0x00, 0x00, 0x00, 0x00, 0x00, 0x00, 0x00, 0x00, 0x00, 0x00, 0x00, 0x00, 0x00, 0x00, 0x00,
    0x00, 0x00, 0x00, 0x00, 0x00, 0x00, 0x01, 0x0f, 0xd8, 0xf1, 0xe3, 0x50, 0xb8, 0xf3, 0xf3, 0xf3,
    0xf5, 0xf7, 0xef, 0x97, 0x28, 0xc2, 0xf3, 0xf3, 0xf2, 0xd8, 0x12, 0x01, 0x00, 0x00, 0x00, 0x00,
    0x00, 0x00, 0x00, 0x00, 0x00, 0x00, 0x00, 0x00, 0x00, 0x00, 0x00, 0x00, 0x00, 0x00, 0x00, 0x00,
    0x00, 0x00, 0x00, 0x00, 0x00, 0x00, 0x00, 0x00, 0x00, 0x00, 0x02, 0x98, 0xf5, 0xf3, 0xf1, 0x9f,
    0xa4, 0xf2, 0xf3, 0xf3, 0xa9, 0x2d, 0x49, 0x8d, 0xe6, 0xf3, 0xf3, 0xf3, 0xf3, 0xf3, 0xac, 0x02,
    0x00, 0x00, 0x00, 0x00, 0x00, 0x00, 0x00, 0x00, 0x00, 0x00, 0x00, 0x00, 0x00, 0x00, 0x00, 0x00,
    0x00, 0x00, 0x00, 0x00, 0x00, 0x00, 0x00, 0x00, 0x00, 0x00, 0x00, 0x00, 0x00, 0x01, 0x3a, 0xed,
    0xc3, 0xf3, 0xf3, 0x88, 0xba, 0xf1, 0xf3, 0xf6, 0x6e, 0xdb, 0xf7, 0xf3, 0xf2, 0xf3, 0xf3, 0xf3,
    0xf3, 0xf3, 0xf5, 0x65, 0x01, 0x00, 0x00, 0x00, 0x00, 0x00, 0x00, 0x00, 0x00, 0x00, 0x00, 0x00,
    0x00, 0x00, 0x00, 0x00, 0x00, 0x00, 0x00, 0x00, 0x00, 0x00, 0x00, 0x00, 0x00, 0x00, 0x00, 0x00,
    0x00, 0x02, 0xc4, 0xa4, 0xc3, 0xf2, 0xf5, 0x77, 0xd0, 0xf2, 0xf3, 0xf8, 0x5c, 0xf3, 0xf3, 0xf3,
    0xf3, 0xf3, 0xf3, 0xf3, 0xf3, 0xf3, 0xf2, 0xeb, 0x1f, 0x01, 0x00, 0x00, 0x00, 0x00, 0x00, 0x00,
    0x00, 0x00, 0x00, 0x00, 0x00, 0x00, 0x00, 0x00, 0x00, 0x00, 0x00, 0x00, 0x00, 0x00, 0x00, 0x00,
    0x00, 0x00, 0x00, 0x00, 0x01, 0x46, 0xf8, 0x7d, 0xd4, 0xf2, 0xf7, 0x66, 0xe2, 0xf2, 0xf3, 0xf8,
    0x61, 0xf8, 0xf3, 0xf3, 0xf3, 0xf3, 0xf3, 0xf3, 0xf3, 0xf3, 0xf3, 0xf2, 0xb0, 0x01, 0x00, 0x00,
    0x00, 0x00, 0x00, 0x00, 0x00, 0x00, 0x00, 0x00, 0x00, 0x00, 0x00, 0x00, 0x00, 0x00, 0x00, 0x00,
    0x00, 0x00, 0x00, 0x00, 0x00, 0x00, 0x00, 0x00, 0x01, 0xbc, 0xf2, 0x88, 0xcf, 0xf2, 0xf8, 0x60,
    0xe7, 0xf2, 0xf3, 0xf8, 0x60, 0xf7, 0xf3, 0xf5, 0xf3, 0xf3, 0xf3, 0xf3, 0xf3, 0xf3, 0xf3, 0xf3,
    0xf6, 0x45, 0x01, 0x00, 0x00, 0x00, 0x00, 0x00, 0x00, 0x00, 0x00, 0x00, 0x00, 0x00, 0x00, 0x00,
    0x00, 0x00, 0x00, 0x00, 0x00, 0x00, 0x00, 0x00, 0x00, 0x00, 0x00, 0x02, 0x33, 0xf6, 0xf2, 0x9d,
    0xb7, 0xf2, 0xf8, 0x61, 0xeb, 0xf3, 0xf3, 0xf8, 0x55, 0xf7, 0xf3, 0xc9, 0xda, 0xf2, 0xf3, 0xf3,
    0xf3, 0xf3, 0xf3, 0xf3, 0xf2, 0xca, 0x03, 0x00, 0x00, 0x00, 0x00, 0x00, 0x00, 0x00, 0x00, 0x00,
    0x00, 0x00, 0x00, 0x00, 0x00, 0x00, 0x00, 0x00, 0x00, 0x00, 0x00, 0x00, 0x00, 0x00, 0x00, 0x02,
    0xa6, 0xf2, 0xf1, 0xb0, 0x9e, 0xf2, 0xf8, 0x61, 0xeb, 0xf3, 0xf3, 0xf8, 0x57, 0xf7, 0xf3, 0xf6,
    0x8b, 0xdc, 0xf2, 0xf3, 0xf3, 0xf3, 0xf3, 0xf3, 0xf3, 0xf7, 0x4c, 0x01, 0x00, 0x00, 0x00, 0x00,
    0x00, 0x00, 0x00, 0x00, 0x00, 0x00, 0x00, 0x00, 0x00, 0x00, 0x00, 0x00, 0x00, 0x00, 0x00, 0x00,
    0x00, 0x00, 0x01, 0x22, 0xf2, 0xf3, 0xf2, 0xdc, 0x84, 0xf4, 0xf8, 0x61, 0xe8, 0xf2, 0xf3, 0xf8,
    0x61, 0xf7, 0xf3, 0xf3, 0xf4, 0x65, 0xe6, 0xf2, 0xf3, 0xf3, 0xf3, 0xf3, 0xf3, 0xf2, 0xbe, 0x01,
    0x00, 0x00, 0x00, 0x00, 0x00, 0x00, 0x00, 0x00, 0x00, 0x00, 0x00, 0x00, 0x00, 0x00, 0x00, 0x00,
    0x00, 0x00, 0x00, 0x00, 0x00, 0x00, 0x02, 0x8c, 0xf4, 0xf3, 0xf3, 0xf5, 0x66, 0xf8, 0xf8, 0x63,
    0xe3, 0xf2, 0xf3, 0xf8, 0x5f, 0xf7, 0xf3, 0xf3, 0xf2, 0xe7, 0x55, 0xf2, 0xf3, 0xf3, 0xf3, 0xf3,
    0xf3, 0xf3, 0xf5, 0x2d, 0x01, 0x00, 0x00, 0x00, 0x00, 0x00, 0x00, 0x00, 0x00, 0x00, 0x00, 0x00,
    0x00, 0x00, 0x00, 0x00, 0x00, 0x00, 0x00, 0x00, 0x00, 0x01, 0x0c, 0xe8, 0xf3, 0xf3, 0xf3, 0xf8,
    0x58, 0xf5, 0xf5, 0x7a, 0xd4, 0xf2, 0xf3, 0xf7, 0x5d, 0xec, 0xf2, 0xf3, 0xf3, 0xf2, 0xce, 0x68,
    0xf5, 0xf3, 0xf3, 0xf3, 0xf3, 0xf3, 0xf4, 0x8b, 0x01, 0x00, 0x00, 0x00, 0x00, 0x00, 0x00, 0x00,
    0x00, 0x00, 0x00, 0x00, 0x00, 0x00, 0x00, 0x00, 0x00, 0x00, 0x00, 0x00, 0x00, 0x01, 0x22, 0xe7,
    0xf2, 0xf3, 0xf3, 0xf7, 0x44, 0xd6, 0xf1, 0x8b, 0xc2, 0xf1, 0xf3, 0xf4, 0x7e, 0xc6, 0xf1, 0xf3,
    0xf3, 0xf3, 0xf3, 0xa2, 0x97, 0xf4, 0xf3, 0xf3, 0xf3, 0xf3, 0xf2, 0xdc, 0x05, 0x00, 0x00, 0x00,
    0x00, 0x00, 0x00, 0x00, 0x00, 0x00, 0x00, 0x00, 0x00, 0x00, 0x00, 0x00, 0x00, 0x00, 0x00, 0x00,
    0x01, 0x1b, 0xc3, 0x6b, 0xf8, 0xf7, 0xf7, 0xaf, 0x01, 0xa7, 0xf6, 0x8f, 0xb6, 0xf1, 0xf3, 0xf2,
    0xb0, 0x90, 0xf3, 0xf3, 0xf2, 0xf2, 0xf8, 0xcb, 0x1e, 0xd4, 0xf2, 0xf3, 0xf3, 0xf3, 0xf3, 0xf8,
    0x30, 0x02, 0x00, 0x00, 0x00, 0x00, 0x00, 0x00, 0x00, 0x00, 0x00, 0x00, 0x00, 0x00, 0x00, 0x00,
    0x00, 0x00, 0x00, 0x00, 0x01, 0x61, 0xc0, 0xa6, 0x4c, 0x53, 0x56, 0x19, 0x01, 0x1e, 0x4b, 0x3a,
    0xb2, 0xf2, 0xf3, 0xf3, 0xee, 0x5f, 0xf9, 0xf7, 0xeb, 0xa2, 0x4b, 0x5b, 0xc5, 0x4a, 0xf4, 0xf3,
    0xf3, 0xf3, 0xf3, 0xf7, 0x62, 0x01, 0x00, 0x00, 0x00, 0x00, 0x00, 0x00, 0x00, 0x00, 0x00, 0x00,
    0x00, 0x00, 0x00, 0x00, 0x00, 0x00, 0x00, 0x00, 0x02, 0x9f, 0x9e, 0xef, 0xc9, 0x58, 0xe3, 0x07,
    0x02, 0x91, 0xe5, 0xd8, 0xf5, 0xf3, 0xf3, 0xf3, 0xf5, 0x6f, 0x60, 0x4e, 0x54, 0x98, 0xea, 0xf6,
    0xf2, 0xa0, 0x86, 0xf4, 0xf3, 0xf3, 0xf3, 0xf3, 0x9a, 0x01, 0x00, 0x00, 0x00, 0x00, 0x00, 0x00,
    0x00, 0x00, 0x00, 0x00, 0x00, 0x00, 0x00, 0x00, 0x00, 0x00, 0x00, 0x01, 0x00, 0xc2, 0x9b, 0xf2,
    0x3d, 0xd9, 0x87, 0x02, 0x01, 0x2d, 0xdf, 0xf4, 0xf2, 0xf3, 0xf3, 0xf3, 0xf3, 0xf2, 0xd5, 0xf3,
    0xf7, 0xf3, 0xf1, 0xf7, 0xa0, 0x57, 0x31, 0xe3, 0xf2, 0xf3, 0xf3, 0xf2, 0xd1, 0x01, 0x00, 0x00,
    0x00, 0x00, 0x00, 0x00, 0x00, 0x00, 0x00, 0x00, 0x00, 0x00, 0x00, 0x00, 0x00, 0x00, 0x00, 0x00,
    0x01, 0xca, 0x75, 0xfc, 0x6a, 0xbb, 0x02, 0x00, 0x01, 0x18, 0x64, 0x6f, 0xd3, 0xf8, 0xf4, 0xf2,
    0xf2, 0xf1, 0xf0, 0xf1, 0xf3, 0xf8, 0xca, 0x5f, 0x97, 0xf7, 0x3f, 0x66, 0xf5, 0xf3, 0xf3, 0xf3,
    0xf1, 0x12, 0x01, 0x00, 0x00, 0x00, 0x00, 0x00, 0x00, 0x00, 0x00, 0x00, 0x00, 0x00, 0x00, 0x00,
    0x00, 0x00, 0x00, 0x00, 0x02, 0xa2, 0x68, 0xee, 0x6a, 0xee, 0x1b, 0x01, 0x02, 0x32, 0xfa, 0xd3,
    0x72, 0x5b, 0x89, 0xa8, 0xc9, 0xd3, 0xd1, 0xc4, 0x93, 0x53, 0x88, 0xec, 0xf3, 0xf7, 0x3c, 0x07,
    0xce, 0xf0, 0xf2, 0xf3, 0xb3, 0x63, 0x05, 0x00, 0x00, 0x00, 0x00, 0x00, 0x00, 0x00, 0x00, 0x00,
    0x00, 0x00, 0x00, 0x00, 0x00, 0x00, 0x00, 0x00, 0x01, 0x43, 0xe2, 0x58, 0xb2, 0x74, 0x7a, 0x01,
    0x02, 0x22, 0xf8, 0xf2, 0xf5, 0xf6, 0xd6, 0xac, 0x88, 0x7c, 0x82, 0xa3, 0xca, 0xf3, 0xf4, 0xf3,
    0xf3, 0xf6, 0x20, 0x02, 0x40, 0xc1, 0xcd, 0x93, 0x72, 0xf8, 0x4d, 0x01, 0x00, 0x00, 0x00, 0x00,
    0x00, 0x00, 0x00, 0x00, 0x00, 0x00, 0x00, 0x00, 0x00, 0x00, 0x00, 0x00, 0x00, 0x02, 0xad, 0xd6,
    0xbb, 0x7d, 0x1e, 0x00, 0x01, 0x11, 0xef, 0xf3, 0xf3, 0xf3, 0xf1, 0xd8, 0xcb, 0xf4, 0xf3, 0xf2,
    0xf2, 0xf3, 0xf3, 0xf3, 0xf2, 0xe6, 0x07, 0x01, 0x01, 0x82, 0x97, 0xca, 0xf6, 0xe5, 0x9c, 0x02,
    0x00, 0x00, 0x00, 0x00, 0x00, 0x00, 0x00, 0x00, 0x00, 0x00, 0x00, 0x00, 0x00, 0x00, 0x00, 0x00,
    0x00, 0x00, 0x0a, 0x6c, 0x13, 0x1d, 0x01, 0x00, 0x00, 0x01, 0xda, 0xf2, 0xf3, 0xf2, 0xd7, 0x45,
    0xe7, 0xf3, 0xf3, 0xf3, 0xf3, 0xf3, 0xf3, 0xf3, 0xf2, 0xab, 0x02, 0x02, 0x3d, 0xf6, 0xf5, 0xf2,
    0xef, 0x9a, 0xb7, 0x02, 0x00, 0x00, 0x00, 0x00, 0x00, 0x00, 0x00, 0x00, 0x00, 0x00, 0x00, 0x00,
    0x00, 0x00, 0x00, 0x00, 0x00, 0x00, 0x01, 0x01, 0x01, 0x01, 0x00, 0x00, 0x00, 0x01, 0x93, 0xf3,
    0xf2, 0xe7, 0x46, 0xe6, 0xf2, 0xf3, 0xf3, 0xf3, 0xf3, 0xf3, 0xf3, 0xf3, 0xf7, 0x46, 0x01, 0x01,
    0xad, 0xda, 0x9d, 0xfa, 0x8d, 0xc2, 0x81, 0x02, 0x00, 0x00, 0x00, 0x00, 0x00, 0x00, 0x00, 0x00,
    0x00, 0x00, 0x00, 0x00, 0x00, 0x00, 0x00, 0x00, 0x00, 0x00, 0x00, 0x00, 0x00, 0x00, 0x00, 0x00,
    0x00, 0x02, 0x32, 0xf6, 0xf6, 0x51, 0xcf, 0xf2, 0xf3, 0xf3, 0xf3, 0xf3, 0xf3, 0xf3, 0xf3, 0xf2,
    0xbf, 0x03, 0x02, 0x6f, 0xcb, 0x20, 0x61, 0xfd, 0x80, 0xd2, 0x28, 0x01, 0x00, 0x00, 0x00, 0x00,
    0x00, 0x00, 0x00, 0x00, 0x00, 0x00, 0x00, 0x00, 0x00, 0x00, 0x00, 0x00, 0x00, 0x00, 0x00, 0x00,
    0x00, 0x00, 0x00, 0x00, 0x00, 0x00, 0x02, 0xc3, 0xa7, 0x77, 0xf5, 0xf3, 0xf3, 0xf3, 0xf3, 0xf3,
    0xf3, 0xf3, 0xf2, 0xe7, 0x24, 0x01, 0x00, 0x0d, 0x02, 0x02, 0x4b, 0xfe, 0x77, 0x8e, 0x01, 0x00,
    0x00, 0x00, 0x00, 0x00, 0x00, 0x00, 0x00, 0x00, 0x00, 0x00, 0x00, 0x00, 0x00, 0x00, 0x00, 0x00,
    0x00, 0x00, 0x00, 0x00, 0x00, 0x00, 0x00, 0x00, 0x00, 0x00, 0x01, 0x37, 0x34, 0xe8, 0xf2, 0xf3,
    0xf3, 0xf3, 0xf3, 0xf3, 0xf3, 0xf2, 0xec, 0x39, 0x01, 0x00, 0x00, 0x01, 0x00, 0x02, 0x25, 0xfc,
    0x4e, 0x0b, 0x00, 0x00, 0x00, 0x00, 0x00, 0x00, 0x00, 0x00, 0x00, 0x00, 0x00, 0x00, 0x00, 0x00,
    0x00, 0x00, 0x00, 0x00, 0x00, 0x00, 0x00, 0x00, 0x00, 0x00, 0x00, 0x00, 0x00, 0x00, 0x00, 0x01,
    0x5b, 0xf6, 0xf3, 0xf3, 0xf3, 0xf3, 0xf3, 0xf3, 0xf4, 0xd9, 0x34, 0x03, 0x00, 0x00, 0x00, 0x00,
    0x00, 0x00, 0x02, 0xe0, 0x1d, 0x02, 0x00, 0x00, 0x00, 0x00, 0x00, 0x00, 0x00, 0x00, 0x00, 0x00,
    0x00, 0x00, 0x00, 0x00, 0x00, 0x00, 0x00, 0x00, 0x00, 0x00, 0x00, 0x00, 0x00, 0x00, 0x00, 0x00,
    0x00, 0x00, 0x00, 0x02, 0x9f, 0xf2, 0xf3, 0xf3, 0xf3, 0xf3, 0xf3, 0xf6, 0x9c, 0x27, 0xd2, 0x1e,
    0x02, 0x00, 0x00, 0x00, 0x00, 0x00, 0x01, 0x4e, 0x02, 0x00, 0x00, 0x00, 0x00, 0x00, 0x00, 0x00,
    0x00, 0x00, 0x00, 0x00, 0x00, 0x00, 0x00, 0x00, 0x00, 0x00, 0x00, 0x00, 0x00, 0x00, 0x00, 0x00,
    0x00, 0x00, 0x00, 0x00, 0x00, 0x00, 0x00, 0x02, 0xbf, 0xf1, 0xf3, 0xf3, 0xf3, 0xf3, 0xf1, 0x5d,
    0x81, 0x64, 0xe3, 0x66, 0x01, 0x00, 0x00, 0x00, 0x00, 0x00, 0x00, 0x00, 0x00, 0x00, 0x00, 0x00,
    0x00, 0x00, 0x00, 0x00, 0x00, 0x00, 0x00, 0x00, 0x00, 0x00, 0x00, 0x00, 0x00, 0x00, 0x00, 0x00,
    0x00, 0x00, 0x00, 0x00, 0x00, 0x00, 0x00, 0x00, 0x00, 0x00, 0x00, 0x02, 0xbf, 0xf1, 0xf3, 0xf3,
    0xf3, 0xf3, 0xf1, 0xe2, 0xf3, 0xb8, 0x92, 0xb1, 0x02, 0x00, 0x00, 0x00, 0x00, 0x00, 0x00, 0x00,
    0x00, 0x00, 0x00, 0x00, 0x00, 0x00, 0x00, 0x00, 0x00, 0x00, 0x00, 0x00, 0x00, 0x00, 0x00, 0x00,
    0x00, 0x00, 0x00, 0x00, 0x00, 0x00, 0x00, 0x00, 0x00, 0x00, 0x00, 0x00, 0x00, 0x00, 0x00, 0x01,
    0x93, 0xf3, 0xf3, 0xf3, 0xf3, 0xf3, 0xf3, 0xf2, 0xf2, 0xee, 0x53, 0xe3, 0x04, 0x00, 0x00, 0x00,
    0x00, 0x00, 0x00, 0x00, 0x00, 0x00, 0x00, 0x00, 0x00, 0x00, 0x00, 0x00, 0x00, 0x00, 0x00, 0x00,
    0x00, 0x00, 0x00, 0x00, 0x00, 0x00, 0x00, 0x00, 0x00, 0x00, 0x00, 0x00, 0x00, 0x00, 0x00, 0x00,
    0x00, 0x00, 0x00, 0x01, 0x2d, 0xf3, 0xf3, 0xf3, 0xf3, 0xf3, 0xf3, 0xf3, 0xf3, 0xf7, 0x55, 0xfb,
    0x1e, 0x02, 0x00, 0x00, 0x00, 0x00, 0x00, 0x00, 0x00, 0x00, 0x00, 0x00, 0x00, 0x00, 0x00, 0x00,
    0x00, 0x00, 0x00, 0x00, 0x00, 0x00, 0x00, 0x00, 0x00, 0x00, 0x00, 0x00, 0x00, 0x00, 0x00, 0x00,
    0x00, 0x00, 0x00, 0x00, 0x00, 0x00, 0x00, 0x00, 0x02, 0x77, 0xf4, 0xf3, 0xf3, 0xf3, 0xf3, 0xf3,
    0xf3, 0xf8, 0x3e, 0xee, 0x43, 0x02, 0x00, 0x00, 0x00, 0x00, 0x00, 0x00, 0x00, 0x00, 0x00, 0x00,
    0x00, 0x00, 0x00, 0x00, 0x00, 0x00, 0x00, 0x00, 0x00, 0x00, 0x00, 0x00, 0x00, 0x00, 0x00, 0x00,
    0x00, 0x00, 0x00, 0x00, 0x00, 0x00, 0x00, 0x00, 0x00, 0x00, 0x00, 0x00, 0x00, 0x02, 0x9a, 0xf4,
    0xf3, 0xf3, 0xf3, 0xf3, 0xf3, 0xf2, 0x4a, 0x6a, 0x65, 0x01, 0x00, 0x00, 0x00, 0x00, 0x00, 0x00,
    0x00, 0x00, 0x00, 0x00, 0x00, 0x00, 0x00, 0x00, 0x00, 0x00, 0x00, 0x00, 0x00, 0x00, 0x00, 0x00,
    0x00, 0x00, 0x00, 0x00, 0x00, 0x00, 0x00, 0x00, 0x00, 0x00, 0x00, 0x00, 0x00, 0x00, 0x00, 0x00,
    0x00, 0x01, 0x04, 0xa8, 0xf4, 0xf3, 0xf3, 0xf3, 0xf2, 0xa3, 0xaf, 0x6a, 0x66, 0x01, 0x00, 0x00,
    0x00, 0x00, 0x00, 0x00, 0x00, 0x00, 0x00, 0x00, 0x00, 0x00, 0x00, 0x00, 0x00, 0x00, 0x00, 0x00,
    0x00, 0x00, 0x00, 0x00, 0x00, 0x00, 0x00, 0x00, 0x00, 0x00, 0x00, 0x00, 0x00, 0x00, 0x00, 0x00,
    0x00, 0x00, 0x00, 0x00, 0x00, 0x00, 0x01, 0x07, 0x83, 0xef, 0xf4, 0xf2, 0xe5, 0x4b, 0xf6, 0x53,
    0x54, 0x01, 0x00, 0x00, 0x00, 0x00, 0x00, 0x00, 0x00, 0x00, 0x00, 0x00, 0x00, 0x00, 0x00, 0x00,
    0x00, 0x00, 0x00, 0x00, 0x00, 0x00, 0x00, 0x00, 0x00, 0x00, 0x00, 0x00, 0x00, 0x00, 0x00, 0x00,
    0x00, 0x00, 0x00, 0x00, 0x00, 0x00, 0x00, 0x00, 0x00, 0x00, 0x00, 0x00, 0x01, 0x22, 0x82, 0x9a,
    0x36, 0xd1, 0xe4, 0x4a, 0xba, 0x02, 0x00, 0x00, 0x00, 0x00, 0x00, 0x00, 0x00, 0x00, 0x00, 0x00,
    0x00, 0x00, 0x00, 0x00, 0x00, 0x00, 0x00, 0x00, 0x00, 0x00, 0x00, 0x00, 0x00, 0x00, 0x00, 0x00,
    0x00, 0x00, 0x00, 0x00, 0x00, 0x00, 0x00, 0x00, 0x00, 0x00, 0x00, 0x00, 0x00, 0x00, 0x00, 0x00,
    0x01, 0x0a, 0x91, 0x88, 0xd3, 0xf2, 0xd4, 0x70, 0xbf, 0x02, 0x00, 0x00, 0x00, 0x00, 0x00, 0x00,
    0x00, 0x00, 0x00, 0x00, 0x00, 0x00, 0x00, 0x00, 0x00, 0x00, 0x00, 0x00, 0x00, 0x00, 0x00, 0x00,
    0x00, 0x00, 0x00, 0x00, 0x00, 0x00, 0x00, 0x00, 0x00, 0x00, 0x00, 0x00, 0x00, 0x00, 0x00, 0x00,
    0x00, 0x00, 0x00, 0x00, 0x01, 0x6e, 0xf6, 0xf4, 0xf2, 0xf3, 0x90, 0xb0, 0x6a, 0x03, 0x00, 0x00,
    0x00, 0x00, 0x00, 0x00, 0x00, 0x00, 0x00, 0x00, 0x00, 0x00, 0x00, 0x00, 0x00, 0x00, 0x00, 0x00,
    0x00, 0x00, 0x00, 0x00, 0x00, 0x00, 0x00, 0x00, 0x00, 0x00, 0x00, 0x00, 0x00, 0x00, 0x00, 0x00,
    0x00, 0x00, 0x00, 0x00, 0x00, 0x00, 0x00, 0x00, 0x02, 0xce, 0xf2, 0xf3, 0xf3, 0xf4, 0x2b, 0x67,
    0xce, 0x40, 0x01, 0x00, 0x00, 0x00, 0x00, 0x00, 0x00, 0x00, 0x00, 0x00, 0x00, 0x00, 0x00, 0x00,
    0x00, 0x00, 0x00, 0x00, 0x00, 0x00, 0x00, 0x00, 0x00, 0x00, 0x00, 0x00, 0x00, 0x00, 0x00, 0x00,
    0x00, 0x00, 0x00, 0x00, 0x00, 0x00, 0x00, 0x00, 0x00, 0x00, 0x00, 0x01, 0x10, 0xf1, 0xf3, 0xf3,
    0xf3, 0x8c, 0x84, 0xf9, 0xf4, 0x7a, 0x01, 0x00, 0x00, 0x00, 0x00, 0x00, 0x00, 0x00, 0x00, 0x00,
    0x00, 0x00, 0x00, 0x00, 0x00, 0x00, 0x00, 0x00, 0x00, 0x00, 0x00, 0x00, 0x00, 0x00, 0x00, 0x00,
    0x00, 0x00, 0x00, 0x00, 0x00, 0x00, 0x00, 0x00, 0x00, 0x00, 0x00, 0x00, 0x00, 0x00, 0x01, 0x10,
    0x36, 0xf5, 0xf5, 0xf7, 0xa2, 0x47, 0xad, 0x95, 0x9d, 0x29, 0x01, 0x00, 0x00, 0x00, 0x00, 0x00,
    0x00, 0x00, 0x00, 0x00, 0x00, 0x00, 0x00, 0x00, 0x00, 0x00, 0x00, 0x00, 0x00, 0x00, 0x00, 0x00,
    0x00, 0x00, 0x00, 0x00, 0x00, 0x00, 0x00, 0x00, 0x00, 0x00, 0x00, 0x00, 0x00, 0x00, 0x00, 0x00,
    0x00, 0x00, 0x05, 0xb8, 0xa2, 0x6a, 0x7b, 0x4f, 0x5f, 0x52, 0x01, 0x01, 0x01, 0x01, 0x00, 0x00,
    0x00, 0x00, 0x00, 0x00, 0x00, 0x00, 0x00, 0x00, 0x00, 0x00, 0x00, 0x00, 0x00, 0x00, 0x00, 0x00,
    0x00, 0x00, 0x00, 0x00, 0x00, 0x00, 0x00, 0x00, 0x00, 0x00, 0x00, 0x00, 0x00, 0x00, 0x00, 0x00,
    0x00, 0x00, 0x00, 0x00, 0x00, 0x01, 0x51, 0xfa, 0xf9, 0xe7, 0xb2, 0x63, 0x0e, 0x01, 0x00, 0x00,
    0x00, 0x00, 0x00, 0x00, 0x00, 0x00, 0x00, 0x00, 0x00, 0x00, 0x00, 0x00, 0x00, 0x00, 0x00, 0x00,
    0x00, 0x00, 0x00, 0x00, 0x00, 0x00, 0x00, 0x00, 0x00, 0x00, 0x00, 0x00, 0x00, 0x00, 0x00, 0x00,
    0x00, 0x00, 0x00, 0x00, 0x00, 0x00, 0x00, 0x00, 0x00, 0x00, 0x02, 0x23, 0x28, 0x0b, 0x02, 0x01,
    0x01, 0x00, 0x00, 0x00, 0x00, 0x00, 0x00, 0x00, 0x00, 0x00, 0x00, 0x00, 0x00, 0x00, 0x00, 0x00,
    0x00, 0x00, 0x00, 0x00, 0x00, 0x00, 0x00, 0x00, 0x00, 0x00, 0x00, 0x00, 0x00, 0x00, 0x00, 0x00,
    0x00, 0x00, 0x00, 0x00, 0x00, 0x00, 0x00, 0x00, 0x00, 0x00, 0x00, 0x00, 0x00, 0x00, 0x00, 0x02,
    0x02, 0x01, 0x00, 0x00, 0x00, 0x00, 0x00, 0x00, 0x00, 0x00, 0x00, 0x00, 0x00, 0x00, 0x00, 0x00,
    0x00, 0x00, 0x00, 0x00, 0x00, 0x00, 0x00, 0x00, 0x00, 0x00, 0x00, 0x00, 0x00, 0x00, 0x00, 0x00,
    0x00, 0x00, 0x00, 0x00, 0x00, 0x00, 0x00, 0x00, 0x00, 0x00, 0x00, 0x00, 0x00, 0x00, 0x00, 0x00,
    0x00, 0x00, 0x00, 0x00, 0x00, 0x00, 0x00, 0x00, 0x00, 0x00, 0x00, 0x00, 0x00, 0x00, 0x00, 0x00,
    0x00, 0x00, 0x00, 0x00, 0x00, 0x00, 0x00, 0x00, 0x00, 0x00, 0x00, 0x00, 0x00, 0x00, 0x00, 0x00,
    0x00, 0x00, 0x00, 0x00, 0x00, 0x00, 0x00, 0x00, 0x00, 0x00, 0x00, 0x00, 0x00, 0x00, 0x00, 0x00,
    0x00, 0x00, 0x00, 0x00, 0x00, 0x00, 0x00, 0x00, 0x00, 0x00, 0x00, 0x00, 0x00, 0x00, 0x00, 0x00,
    0x00, 0x00, 0x00, 0x00, 0x00, 0x00, 0x00, 0x00, 0x00, 0x00, 0x00, 0x00, 0x00, 0x00, 0x00, 0x00,
    0x00, 0x00, 0x00, 0x00, 0x00, 0x00, 0x00, 0x00, 0x00, 0x00, 0x00, 0x00, 0x00, 0x00, 0x00, 0x00,
    0x00, 0x00, 0x00, 0x00, 0x00, 0x00, 0x00, 0x00, 0x00, 0x00, 0x00, 0x00, 0x00, 0x00, 0x00, 0x00,
    0x00, 0x00, 0x00, 0x00, 0x00, 0x00, 0x00, 0x00, 0x00, 0x00, 0x00, 0x00, 0x00, 0x00, 0x00, 0x00,
    0x00, 0x00, 0x00, 0x00, 0x00, 0x00, 0x00, 0x00, 0x00, 0x00, 0x00, 0x00, 0x00, 0x00, 0x00, 0x00,
    0x00, 0x00, 0x00, 0x00, 0x00, 0x00, 0x00, 0x00, 0x00, 0x00, 0x00, 0x00, 0x00, 0x00, 0x00, 0x00,
    0x00, 0x00, 0x00, 0x00, 0x00, 0x00, 0x00, 0x00, 0x00, 0x00, 0x00, 0x00, 0x00, 0x00, 0x00, 0x00,
    0x00, 0x00, 0x00, 0x00, 0x00, 0x00, 0x00, 0x00, 0x00, 0x00, 0x00, 0x00,
};

const lv_image_dsc_t pipboy_frame_7 = {
    .header = {
        .magic = LV_IMAGE_HEADER_MAGIC,
        .cf = LV_COLOR_FORMAT_A8,
        .flags = 0,
        .w = 52,
        .h = 75,
        .stride = 52,
        .reserved_2 = 0,
    },
    .data_size = sizeof(pipboy_frame_7_map),
    .data = pipboy_frame_7_map,
    .reserved = NULL,
};
